"predict_time","device","real_rainfall_transient","predict_rainfall"
"2025-08-01 00:00:00","b101",0.0,0.0
"2025-08-01 00:15:00","b101",0.0,1.532384158053901e-05
"2025-08-01 00:30:00","b101",0.0,1.4483492122963071e-05
"2025-08-01 00:45:00","b101",0.0,1.3404243873083033e-05
"2025-08-01 01:00:00","b101",0.0,1.382683331030421e-05
"2025-08-01 01:15:00","b101",0.0,1.7298410966759548e-05
"2025-08-01 01:30:00","b101",0.0,1.2948677976964973e-05
"2025-08-01 01:45:00","b101",0.0,1.1120081580884289e-05
"2025-08-01 02:00:00","b101",0.0,8.391842129640281e-06
"2025-08-01 02:15:00","b101",0.0,9.028276508615818e-06
"2025-08-01 02:30:00","b101",0.0,8.88355771166971e-06
"2025-08-01 02:45:00","b101",0.0,8.583858289057389e-06
"2025-08-01 03:00:00","b101",0.0,8.174818503903225e-06
"2025-08-01 03:15:00","b101",0.0,9.115579814533703e-06
"2025-08-01 03:30:00","b101",0.0,1.0503846169740427e-05
"2025-08-01 03:45:00","b101",0.0,1.0586662028799765e-05
"2025-08-01 04:00:00","b101",0.0,1.0194210517511237e-05
"2025-08-01 04:15:00","b101",0.0,8.819627510092687e-06
"2025-08-01 04:30:00","b101",0.0,8.526573765266221e-06
"2025-08-01 04:45:00","b101",0.0,8.263659765361808e-06
"2025-08-01 05:00:00","b101",0.0,8.71782140166033e-06
"2025-08-01 05:15:00","b101",0.0,8.679689926793799e-06
"2025-08-01 05:30:00","b101",0.0,9.104855053010397e-06
"2025-08-01 05:45:00","b101",0.0,1.02362055258709e-05
"2025-08-01 06:00:00","b101",0.0,1.1189600627403706e-05
"2025-08-01 06:15:00","b101",0.0,9.446027434023563e-06
"2025-08-01 06:30:00","b101",0.0,9.176734238280915e-06
"2025-08-01 06:45:00","b101",0.0,9.505621164862532e-06
"2025-08-01 07:00:00","b101",0.0,9.838689948082902e-06
"2025-08-01 07:15:00","b101",0.0,9.203281479130965e-06
"2025-08-01 07:30:00","b101",0.0,9.921572200255468e-06
"2025-08-01 07:45:00","b101",0.0,9.978543857869226e-06
"2025-08-01 08:15:00","b101",0.0,9.905689694278408e-06
"2025-08-01 08:30:00","b101",0.0,9.82630081125535e-06
"2025-08-01 08:45:00","b101",0.0,1.3058024705969729e-05
"2025-08-01 09:00:00","b101",0.0,1.3566525922215078e-05
"2025-08-01 09:15:00","b101",0.0,1.3572976968134753e-05
"2025-08-01 09:30:00","b101",0.0,1.3548077731684316e-05
"2025-08-01 09:45:00","b101",0.0,1.092065758712124e-05
"2025-08-01 10:00:00","b101",0.0,1.079203502740711e-05
"2025-08-01 10:15:00","b101",0.0,8.898493433662225e-06
"2025-08-01 10:30:00","b101",0.0,9.988378224079497e-06
"2025-08-01 10:45:00","b101",0.0,9.450531251786742e-06
"2025-08-01 11:00:00","b101",0.0,9.921191121975426e-06
"2025-08-01 11:15:00","b101",0.0,1.0145163287234027e-05
"2025-08-01 11:30:00","b101",0.0,9.824416338233277e-06
"2025-08-01 11:45:00","b101",0.0,1.2198651347716805e-05
"2025-08-01 12:00:00","b101",0.0,1.3164632946427446e-05
"2025-08-01 12:15:00","b101",0.0,1.4110853953752667e-05
"2025-08-01 12:30:00","b101",0.0,1.3552003110817168e-05
"2025-08-01 12:45:00","b101",0.0,1.3636262337968219e-05
"2025-08-01 13:00:00","b101",0.0,1.2537639122456312e-05
"2025-08-01 13:15:00","b101",0.0,1.2927945135743357e-05
"2025-08-01 13:30:00","b101",0.0,1.1663604709610809e-05
"2025-08-01 13:45:00","b101",0.0,1.1468931916169822e-05
"2025-08-01 14:00:00","b101",0.0,1.250072818947956e-05
"2025-08-01 14:15:00","b101",0.0,1.3388953448156826e-05
"2025-08-01 14:30:00","b101",0.0,1.3012766430620104e-05
"2025-08-01 14:45:00","b101",0.0,1.4016467503097374e-05
"2025-08-01 15:00:00","b101",0.0,1.4711609765072353e-05
"2025-08-01 15:15:00","b101",0.0,1.543660255265422e-05
"2025-08-01 15:30:00","b101",0.0,1.4320343325380236e-05
"2025-08-01 15:45:00","b101",0.0,1.2755921488860622e-05
"2025-08-01 16:00:00","b101",0.01,9.22847175388597e-06
"2025-08-01 16:15:00","b101",0.0,8.655902092868928e-06
"2025-08-01 16:30:00","b101",0.0,0.011074596084654331
"2025-08-01 16:45:00","b101",0.0,0.00020660166046582162
"2025-08-01 17:00:00","b101",0.0,0.0015672162408009171
"2025-08-01 17:15:00","b101",0.0,0.0002221143222413957
"2025-08-01 17:30:00","b101",0.0,0.00021147128427401185
"2025-08-01 17:45:00","b101",0.0,6.606797978747636e-05
"2025-08-01 18:00:00","b101",0.0,3.003580786753446e-05
"2025-08-01 18:15:00","b101",0.0,0.0
"2025-08-01 18:30:00","b101",0.0,0.00010317418491467834
"2025-08-01 18:45:00","b101",0.0,0.0
"2025-08-01 19:00:00","b101",0.0,0.0
"2025-08-01 19:15:00","b101",0.0,0.0001490948343416676
"2025-08-01 19:30:00","b101",0.0,0.00016696221427991986
"2025-08-01 19:45:00","b101",0.0,0.0
"2025-08-01 20:00:00","b101",0.0,9.06136556295678e-05
"2025-08-01 20:15:00","b101",0.0,0.0
"2025-08-01 20:30:00","b101",0.0,0.0
"2025-08-01 20:45:00","b101",0.0,0.0
"2025-08-01 21:00:00","b101",0.0,0.0
"2025-08-01 21:15:00","b101",0.0,0.00016756498371250927
"2025-08-01 21:30:00","b101",0.0,0.00041894690366461873
"2025-08-01 21:45:00","b101",0.0,0.000547206262126565
"2025-08-01 22:00:00","b101",0.0,0.0011036971118301153
"2025-08-01 22:15:00","b101",0.0,0.0010715259704738855
"2025-08-01 22:30:00","b101",0.0,0.0007505518733523786
"2025-08-01 22:45:00","b101",0.0,0.0011260247556492686
"2025-08-01 23:00:00","b101",0.0,0.0011639194563031197
"2025-08-01 23:15:00","b101",0.0,0.0012948968214914203
"2025-08-01 23:30:00","b101",0.0,0.0013602620456367731
"2025-08-01 23:45:00","b101",0.0,0.0011428984580561519
"2025-08-02 00:00:00","b101",0.0,0.0007656398229300976
"2025-08-02 00:15:00","b101",0.0,0.0016913865692913532
"2025-08-02 00:30:00","b101",0.0,0.0018179580802097917
"2025-08-02 00:45:00","b101",0.0,0.0012951154494658113
"2025-08-02 01:00:00","b101",0.0,0.00033703941153362393
"2025-08-02 01:15:00","b101",0.0,0.0014562534634023905
"2025-08-02 01:30:00","b101",0.0,0.0014227541396394372
"2025-08-02 01:45:00","b101",0.0,0.0011958327377215028
"2025-08-25 12:00:00","b101",0.0,0.0
"2025-08-25 12:45:00","b101",0.0,0.0
"2025-08-25 13:15:00","b101",0.0,0.0
"2025-08-25 13:30:00","b101",7.590000000000003,0.0
"2025-08-25 13:45:00","b101",0.0,0.0
"2025-08-25 14:00:00","b101",0.0,0.0
"2025-08-25 14:15:00","b101",469.19,0.0
"2025-08-25 14:30:00","b101",66.63,0.0
"2025-08-25 14:45:00","b101",0.0,0.0
"2025-08-25 15:00:00","b101",0.0,0.0
"2025-08-25 15:15:00","b101",5.199999999999996,0.0
"2025-08-25 15:30:00","b101",0.0,0.0
"2025-08-25 15:45:00","b101",0.0,0.0
"2025-08-25 16:00:00","b101",0.0,0.0
"2025-08-25 16:15:00","b101",0.0,0.0
"2025-08-25 16:30:00","b101",0.0,0.0
"2025-08-25 16:45:00","b101",0.060000000000002274,0.0
"2025-08-25 17:00:00","b101",0.01999999999999602,0.0
"2025-08-25 17:15:00","b101",0.0,0.0
"2025-08-25 17:30:00","b101",0.0,0.0
"2025-08-25 17:45:00","b101",0.0,0.0
"2025-08-25 18:00:00","b101",0.0,0.0
"2025-08-25 18:15:00","b101",0.030000000000001137,0.0
"2025-08-25 18:30:00","b101",0.10000000000000142,0.0
"2025-08-25 18:45:00","b101",0.06999999999999318,0.0
"2025-08-25 19:00:00","b101",0.060000000000002274,0.0
"2025-08-25 19:15:00","b101",0.060000000000002274,0.0
"2025-08-25 19:30:00","b101",0.060000000000002274,0.0
"2025-08-25 19:45:00","b101",0.06999999999999318,0.0
"2025-08-25 20:00:00","b101",0.07000000000000739,0.0
"2025-08-25 20:15:00","b101",0.0799999999999983,0.0
"2025-08-25 20:30:00","b101",0.060000000000002274,0.0
"2025-08-25 20:45:00","b101",0.06999999999999318,0.0
"2025-08-25 21:00:00","b101",0.060000000000002274,0.0
"2025-08-25 21:15:00","b101",0.07000000000000739,0.0
"2025-08-25 21:30:00","b101",0.06999999999999318,0.0
"2025-08-25 21:45:00","b101",0.07000000000000739,0.0
"2025-08-25 22:00:00","b101",0.060000000000002274,0.0
"2025-08-25 22:15:00","b101",0.0799999999999983,0.0
"2025-08-25 22:30:00","b101",0.05999999999998806,0.0
"2025-08-25 22:45:00","b101",0.060000000000002274,0.0
"2025-08-25 23:00:00","b101",0.07000000000000739,0.0
"2025-08-25 23:15:00","b101",0.06999999999999318,0.0
"2025-08-25 23:30:00","b101",0.060000000000002274,0.0
"2025-08-25 23:45:00","b101",0.060000000000002274,0.0
"2025-08-26 00:00:00","b101",0.060000000000002274,0.0
"2025-08-26 00:15:00","b101",0.05,0.0
"2025-08-26 00:30:00","b101",0.06,0.0
"2025-08-26 00:45:00","b101",0.06000000000000001,0.0
"2025-08-26 01:00:00","b101",0.06,0.0
"2025-08-26 01:15:00","b101",0.04000000000000001,0.0
"2025-08-26 01:30:00","b101",0.06,0.0
"2025-08-26 01:45:00","b101",0.07,0.0
"2025-08-26 02:00:00","b101",0.06999999999999995,0.0
"2025-08-26 02:15:00","b101",0.07000000000000006,18.836929321289062
"2025-08-26 02:30:00","b101",0.04999999999999993,24.804397583007812
"2025-08-26 02:45:00","b101",0.06000000000000005,23.752979278564453
"2025-08-26 03:00:00","b101",0.07999999999999996,29.088598251342773
"2025-08-26 03:15:00","b101",0.06000000000000005,0.0
"2025-08-26 03:30:00","b101",0.039999999999999925,0.0
"2025-08-26 03:45:00","b101",0.010000000000000009,0.0
"2025-08-26 04:00:00","b101",0.0,5.635276794433594
"2025-08-26 04:15:00","b101",0.0,4.987266540527344
"2025-08-26 04:30:00","b101",0.040000000000000036,12.162120819091797
"2025-08-26 04:45:00","b101",0.05999999999999994,13.148956298828125
"2025-08-26 05:00:00","b101",0.050000000000000044,20.927906036376953
"2025-08-26 05:15:00","b101",0.050000000000000044,43.299888610839844
"2025-08-26 05:30:00","b101",0.050000000000000044,35.778221130371094
"2025-08-26 05:45:00","b101",0.050000000000000044,20.221881866455078
"2025-08-26 06:00:00","b101",0.04999999999999982,3.71677303314209
"2025-08-26 06:15:00","b101",0.06000000000000005,0.07496976852416992
"2025-08-26 06:30:00","b101",0.06000000000000005,0.06080488860607147
"2025-08-26 06:45:00","b101",0.06000000000000005,0.07638417184352875
"2025-08-26 07:00:00","b101",0.05999999999999983,0.06485069543123245
"2025-08-26 07:15:00","b101",0.06000000000000005,0.06390372663736343
"2025-08-26 07:30:00","b101",0.050000000000000044,0.056740280240774155
"2025-08-26 07:45:00","b101",0.04999999999999982,0.0523427277803421
"2025-08-26 08:00:00","b101",0.050000000000000266,0.04504554346203804
"2025-08-26 08:15:00","b101",0.040000000000000036,0.048217616975307465
"2025-08-26 08:30:00","b101",0.039999999999999813,0.04615629091858864
"2025-08-26 08:45:00","b101",0.06000000000000005,0.04978504404425621
"2025-08-26 09:00:00","b101",0.039999999999999813,0.05003790929913521
"2025-08-26 09:15:00","b101",0.040000000000000036,0.05301531031727791
"2025-08-26 09:30:00","b101",0.010000000000000231,0.05017252266407013
"2025-08-26 09:45:00","b101",0.0,0.0524003729224205
"2025-08-26 10:00:00","b101",0.0,0.046150390058755875
"2025-08-26 10:15:00","b101",0.0,0.04667072370648384
"2025-08-26 10:30:00","b101",0.0,0.043516483157873154
"2025-08-26 10:45:00","b101",0.0,0.04420008510351181
"2025-08-26 11:00:00","b101",0.0,0.04129994660615921
"2025-08-26 11:15:00","b101",0.0,0.040762677788734436
"2025-08-26 11:30:00","b101",0.0,0.03883948549628258
"2025-08-26 11:45:00","b101",0.0,0.03807246312499046
"2025-08-26 12:00:00","b101",0.0,0.03605397418141365
"2025-08-26 12:15:00","b101",0.0,0.03538743779063225
"2025-08-26 12:30:00","b101",0.0,0.033585965633392334
"2025-08-26 12:45:00","b101",0.0,0.03417137637734413
"2025-08-26 13:00:00","b101",0.0,0.032390184700489044
"2025-08-26 13:15:00","b101",0.0,0.03345998376607895
"2025-08-26 13:30:00","b101",0.0,0.02975448966026306
"2025-08-26 13:45:00","b101",0.0,0.029918678104877472
"2025-08-26 14:00:00","b101",0.009999999999999787,0.027216831222176552
"2025-08-26 14:15:00","b101",0.0,0.02750714123249054
"2025-08-26 14:30:00","b101",0.0,0.025063667446374893
"2025-08-26 14:45:00","b101",0.0,0.024060890078544617
"2025-08-26 15:00:00","b101",0.0,0.0225965678691864
"2025-08-26 15:15:00","b101",6.8,0.0212524626404047
"2025-08-26 15:30:00","b101",0.05000000000000071,1.099501371383667
"2025-08-26 15:45:00","b101",0.009999999999999787,0.0
"2025-08-26 16:00:00","b101",0.0,0.27867555618286133
"2025-08-26 16:15:00","b101",0.0,0.0
"2025-08-26 16:30:00","b101",0.0,0.18212251365184784
"2025-08-26 16:45:00","b101",0.07000000000000028,0.310167133808136
"2025-08-26 17:00:00","b101",0.02999999999999936,0.2672254741191864
"2025-08-26 17:15:00","b101",0.0,0.47894346714019775
"2025-08-26 17:30:00","b101",0.0,0.06008760631084442
"2025-08-26 17:45:00","b101",0.0,0.345062255859375
"2025-08-26 18:00:00","b101",0.0,0.1904335469007492
"2025-08-26 18:15:00","b101",0.0,0.8399854302406311
"2025-08-26 18:30:00","b101",0.0,0.6337953805923462
"2025-08-26 18:45:00","b101",0.0,0.5047361254692078
"2025-08-26 19:00:00","b101",0.0,0.48001420497894287
"2025-08-26 19:15:00","b101",0.05000000000000071,0.6815353631973267
"2025-08-26 19:30:00","b101",0.14999999999999858,0.8026785850524902
"2025-08-26 19:45:00","b101",0.09000000000000163,1.192987084388733
"2025-08-26 20:00:00","b101",0.08000000000000007,0.20557081699371338
"2025-08-26 20:15:00","b101",0.09999999999999964,1.8970446586608887
"2025-08-26 20:30:00","b101",0.08999999999999986,0.6779831647872925
"2025-08-26 20:45:00","b101",0.09999999999999964,2.655893325805664
"2025-08-26 21:00:00","b101",0.08999999999999986,0.4047604501247406
"2025-08-26 21:15:00","b101",0.120000000000001,0.8670713901519775
"2025-08-26 21:30:00","b101",0.05999999999999872,0.1910538673400879
"2025-08-26 21:45:00","b101",0.0600000000000005,0.05978973209857941
"2025-08-26 22:00:00","b101",0.0600000000000005,0.0
"2025-08-26 22:15:00","b101",0.049999999999998934,0.01960461586713791
"2025-08-26 22:30:00","b101",0.23000000000000043,0.03887524455785751
"2025-08-26 22:45:00","b101",0.08000000000000007,0.0
"2025-08-26 23:00:00","b101",0.10999999999999943,0.13094788789749146
"2025-08-26 23:15:00","b101",0.10000000000000142,0.0
"2025-08-26 23:30:00","b101",0.09999999999999964,0.0
"2025-08-26 23:45:00","b101",0.2599999999999998,0.0
"2025-08-27 00:00:00","b101",0.11999999999999922,0.001972109079360962
"2025-08-27 00:15:00","b101",0.0,0.2186836302280426
"2025-08-27 00:30:00","b101",0.26,0.22108830511569977
"2025-08-27 00:45:00","b101",0.15000000000000002,0.10624481737613678
"2025-08-27 01:00:00","b101",0.55,0.26393812894821167
"2025-08-27 01:15:00","b101",0.10999999999999988,0.25357702374458313
"2025-08-27 01:30:00","b101",0.1100000000000001,0.3959212899208069
"2025-08-27 01:45:00","b101",0.6800000000000002,0.013904735445976257
"2025-08-27 02:00:00","b101",0.1499999999999999,1.081813931465149
"2025-08-27 02:15:00","b101",0.20999999999999996,0.07368157058954239
"2025-08-27 02:30:00","b101",0.10000000000000009,0.5240082740783691
"2025-08-27 02:45:00","b101",0.10999999999999988,0.38123995065689087
"2025-08-27 03:00:00","b101",0.06999999999999984,0.8349518775939941
"2025-08-27 03:15:00","b101",0.06000000000000005,0.6485951542854309
"2025-08-27 03:30:00","b101",0.06000000000000005,0.33396482467651367
"2025-08-27 03:45:00","b101",0.06999999999999984,0.6349255442619324
"2025-08-27 04:00:00","b101",0.15000000000000036,0.8803001642227173
"2025-08-27 04:15:00","b101",0.09999999999999964,1.550581455230713
"2025-08-27 04:30:00","b101",0.0900000000000003,1.0655921697616577
"2025-08-27 04:45:00","b101",0.07999999999999963,1.416661024093628
"2025-08-27 05:00:00","b101",0.0600000000000005,0.7101200819015503
"2025-08-27 05:15:00","b101",0.06999999999999984,0.9569754600524902
"2025-08-27 05:30:00","b101",0.04999999999999982,0.9602218866348267
"2025-08-27 05:45:00","b101",0.050000000000000266,0.956703245639801
"2025-08-27 06:00:00","b101",0.05999999999999961,0.5767717361450195
"2025-08-27 06:15:00","b101",0.050000000000000266,0.49103596806526184
"2025-08-27 06:30:00","b101",0.04999999999999982,0.15317147970199585
"2025-08-27 06:45:00","b101",0.040000000000000036,0.11215534061193466
"2025-08-27 07:00:00","b101",0.03000000000000025,0.11408771574497223
"2025-08-27 07:15:00","b101",0.03999999999999959,0.10660582780838013
"2025-08-27 07:30:00","b101",0.03000000000000025,0.11654532700777054
"2025-08-27 07:45:00","b101",0.009999999999999787,0.1177673414349556
"2025-08-27 08:00:00","b101",0.0,0.09360044449567795
"2025-08-27 08:15:00","b101",0.0,0.07185273617506027
"2025-08-27 08:30:00","b101",0.0,0.06311999261379242
"2025-08-27 08:45:00","b101",0.0,0.06817010045051575
"2025-08-27 09:00:00","b101",0.0,0.05711134895682335
"2025-08-27 09:15:00","b101",0.0,0.07224281132221222
"2025-08-27 09:30:00","b101",0.0,0.06713812798261642
"2025-08-27 09:45:00","b101",0.020000000000000462,0.08848048746585846
"2025-08-27 10:00:00","b101",0.019999999999999574,0.08666832745075226
"2025-08-27 10:15:00","b101",0.0,0.09189898520708084
"2025-08-27 10:30:00","b101",0.0,0.0790013000369072
"2025-08-27 10:45:00","b101",0.0,0.07332918047904968
"2025-08-27 11:00:00","b101",0.0,0.06892223656177521
"2025-08-27 11:15:00","b101",0.0,0.08416269719600677
"2025-08-27 11:30:00","b101",0.0,0.07304878532886505
"2025-08-27 11:45:00","b101",0.0,0.07840610295534134
"2025-08-27 12:00:00","b101",0.0,0.054660823196172714
"2025-08-27 12:15:00","b101",0.0,0.0850360319018364
"2025-08-27 12:30:00","b101",0.0,0.06594230234622955
"2025-08-27 12:45:00","b101",0.0,0.08161240816116333
"2025-08-27 13:00:00","b101",0.0,0.06338604539632797
"2025-08-27 13:15:00","b101",0.0,0.08951424062252045
"2025-08-27 13:30:00","b101",0.0,0.06926067918539047
"2025-08-27 13:45:00","b101",0.0,0.06303980946540833
"2025-08-27 14:00:00","b101",0.0,0.04421236366033554
"2025-08-27 14:15:00","b101",0.0,0.04347609728574753
"2025-08-27 14:30:00","b101",0.0,0.039757322520017624
"2025-08-27 14:45:00","b101",0.0,0.038298122584819794
"2025-08-27 15:00:00","b101",0.0,0.035255223512649536
"2025-08-27 15:15:00","b101",0.0,0.031378716230392456
"2025-08-27 15:30:00","b101",0.0,0.027366679161787033
"2025-08-27 15:45:00","b101",0.0,0.025270001962780952
"2025-08-27 16:00:00","b101",0.0,0.022162314504384995
"2025-08-27 16:15:00","b101",0.0,0.019827818498015404
"2025-08-27 16:30:00","b101",0.0,0.015623994171619415
"2025-08-27 16:45:00","b101",0.0,0.013944195583462715
"2025-08-27 17:00:00","b101",0.0,0.015805620700120926
"2025-08-27 17:15:00","b101",0.0,0.01395865436643362
"2025-08-27 17:30:00","b101",0.0,0.012620227411389351
"2025-08-27 17:45:00","b101",0.0,0.011360700242221355
"2025-08-27 18:00:00","b101",0.0,0.010215806774795055
"2025-08-27 18:15:00","b101",0.0,0.009203789755702019
"2025-08-27 18:30:00","b101",0.0,0.00859406404197216
"2025-08-27 18:45:00","b101",0.0,0.006592331454157829
"2025-08-27 19:00:00","b101",0.0,0.006609126925468445
"2025-08-27 19:15:00","b101",0.0,0.005507257767021656
"2025-08-27 19:30:00","b101",0.0,0.004501456394791603
"2025-08-27 19:45:00","b101",0.0,0.003639992792159319
"2025-08-27 20:00:00","b101",0.0,0.003114799503237009
"2025-08-27 20:15:00","b101",0.0,0.002584158442914486
"2025-08-27 20:30:00","b101",0.0,0.0019327551126480103
"2025-08-27 20:45:00","b101",0.0,0.0014661052264273167
"2025-08-27 21:00:00","b101",0.0,0.0006593875586986542
"2025-08-27 21:15:00","b101",0.0,0.0004207585006952286
"2025-08-27 21:30:00","b101",0.0,0.00010007945820689201
"2025-08-27 21:45:00","b101",0.0,0.0
"2025-08-27 22:00:00","b101",0.0,0.0
"2025-08-27 22:15:00","b101",0.0,0.0
"2025-08-27 22:30:00","b101",0.0,0.0
"2025-08-27 22:45:00","b101",0.0,0.0
"2025-08-27 23:00:00","b101",0.0,0.0
"2025-08-27 23:15:00","b101",0.0,0.0
"2025-08-27 23:30:00","b101",0.0,0.0
"2025-08-27 23:45:00","b101",0.04999999999999982,0.0
"2025-08-28 00:00:00","b101",0.08000000000000007,0.014931286685168743
"2025-08-28 00:15:00","b101",0.0,0.014257635921239853
"2025-08-28 00:30:00","b101",0.07,0.009705978445708752
"2025-08-28 00:45:00","b101",0.04999999999999999,0.012390367686748505
"2025-08-28 01:00:00","b101",0.06,0.012151949107646942
"2025-08-28 01:15:00","b101",0.04999999999999999,0.01975269988179207
"2025-08-28 01:30:00","b101",0.040000000000000036,0.019689489156007767
"2025-08-28 01:45:00","b101",0.04999999999999999,0.02271765097975731
"2025-08-28 02:00:00","b101",0.03999999999999998,0.019878316670656204
"2025-08-28 02:15:00","b101",0.030000000000000027,0.02846791222691536
"2025-08-28 02:30:00","b101",0.03999999999999998,0.013144580647349358
"2025-08-28 02:45:00","b101",0.040000000000000036,0.05842319130897522
"2025-08-28 03:00:00","b101",0.039999999999999925,0.046665940433740616
"2025-08-28 03:15:00","b101",0.040000000000000036,0.039576977491378784
"2025-08-28 03:30:00","b101",0.010000000000000009,0.026602793484926224
"2025-08-28 03:45:00","b101",0.0,0.03626008331775665
"2025-08-28 04:00:00","b101",0.0,0.010738186538219452
"2025-08-28 04:15:00","b101",0.0,0.014609703794121742
"2025-08-28 04:30:00","b101",0.0,0.019964639097452164
"2025-08-28 04:45:00","b101",0.0,0.020116548985242844
"2025-08-28 05:00:00","b101",0.0,0.020649399608373642
"2025-08-28 05:15:00","b101",0.0,0.01622881554067135
"2025-08-28 05:30:00","b101",0.0,0.017602263018488884
"2025-08-28 05:45:00","b101",0.0,0.020176194608211517
"2025-08-28 06:00:00","b101",0.0,0.018756762146949768
"2025-08-28 06:15:00","b101",0.0,0.016547035425901413
"2025-08-28 06:30:00","b101",0.0,0.014782669022679329
"2025-08-28 06:45:00","b101",0.0,0.014446543529629707
"2025-08-28 07:00:00","b101",0.0,0.01185075007379055
"2025-08-28 07:15:00","b101",0.0,0.010299528017640114
"2025-08-28 07:30:00","b101",0.0,0.013270989060401917
"2025-08-28 07:45:00","b101",0.0,0.008595393039286137
"2025-08-28 08:00:00","b101",0.0,0.007103236857801676
"2025-08-28 08:15:00","b101",0.0,0.007185345981270075
"2025-08-28 08:30:00","b101",0.06000000000000005,0.007101300172507763
"2025-08-28 08:45:00","b101",0.06999999999999995,0.010974270291626453
"2025-08-28 09:00:00","b101",0.06000000000000005,0.054429564625024796
"2025-08-28 09:15:00","b101",0.04999999999999993,0.021920787170529366
"2025-08-28 09:30:00","b101",0.050000000000000044,0.02740032784640789
"2025-08-28 09:45:00","b101",0.029999999999999916,0.023784810677170753
"2025-08-28 10:00:00","b101",0.010000000000000009,0.019272349774837494
"2025-08-28 10:15:00","b101",0.0,0.017230216413736343
"2025-08-28 10:30:00","b101",0.0,0.01780841313302517
"2025-08-28 10:45:00","b101",0.0,0.013851416297256947
"2025-08-28 11:00:00","b101",0.0,0.02201509103178978
"2025-08-28 11:15:00","b101",0.0,0.014602328650653362
"2025-08-28 11:30:00","b101",0.0,0.02233315259218216
"2025-08-28 11:45:00","b101",0.0,0.01489665824919939
"2025-08-28 12:00:00","b101",0.0,0.01870466209948063
"2025-08-28 12:15:00","b101",0.0,0.012572485953569412
"2025-08-28 12:30:00","b101",0.0,0.01664848066866398
"2025-08-28 12:45:00","b101",0.0,0.014002125710248947
"2025-08-28 13:00:00","b101",0.0,0.020877497270703316
"2025-08-28 13:15:00","b101",0.0,0.013286549597978592
"2025-08-28 13:30:00","b101",0.0,0.01840529963374138
"2025-08-28 13:45:00","b101",0.0,0.014082102105021477
"2025-08-28 14:00:00","b101",0.0,0.01707136444747448
"2025-08-28 14:15:00","b101",0.050000000000000044,0.01315742265433073
"2025-08-28 14:30:00","b101",0.050000000000000044,0.018742918968200684
"2025-08-28 14:45:00","b101",0.040000000000000036,0.05018399655818939
"2025-08-28 15:00:00","b101",0.030000000000000027,0.0389251671731472
"2025-08-28 15:15:00","b101",0.009999999999999787,0.023756857961416245
"2025-08-28 15:30:00","b101",0.0,0.014822399243712425
"2025-08-28 15:45:00","b101",0.0,0.009376640431582928
"2025-08-28 16:00:00","b101",0.0,0.009546397253870964
"2025-08-28 16:15:00","b101",0.0,0.008700458332896233
"2025-08-28 16:30:00","b101",0.0,0.007709706202149391
"2025-08-28 16:45:00","b101",0.0,0.006447251420468092
"2025-08-28 17:00:00","b101",0.0,0.005987947341054678
"2025-08-28 17:15:00","b101",0.0,0.005119536072015762
"2025-08-28 17:30:00","b101",0.0,0.004877043887972832
"2025-08-28 17:45:00","b101",0.0,0.0044586011208593845
"2025-08-28 18:00:00","b101",0.0,0.0044010234996676445
"2025-08-28 18:15:00","b101",0.0,0.004041431006044149
"2025-08-28 18:30:00","b101",0.0,0.003614284098148346
"2025-08-28 18:45:00","b101",0.0,0.0026171267963945866
"2025-08-28 19:00:00","b101",0.0,0.0032109073363244534
"2025-08-28 19:15:00","b101",0.0,0.0024660849012434483
"2025-08-28 19:30:00","b101",0.0,0.0031453147530555725
"2025-08-28 19:45:00","b101",0.0,0.0027026385068893433
"2025-08-28 20:00:00","b101",0.0,0.0027695386670529842
"2025-08-28 20:15:00","b101",0.0,0.0030478029511868954
"2025-08-28 20:30:00","b101",0.0,0.0033331625163555145
"2025-08-28 20:45:00","b101",0.0,0.001582989003509283
"2025-08-28 21:00:00","b101",0.0,0.001446837093681097
"2025-08-28 21:15:00","b101",0.0,0.001815269235521555
"2025-08-28 21:30:00","b101",0.0,0.001512529794126749
"2025-08-28 21:45:00","b101",0.0,0.0013104388490319252
"2025-08-28 22:00:00","b101",0.0,0.001289903186261654
"2025-08-28 22:15:00","b101",0.0,0.0017330297268927097
"2025-08-28 22:30:00","b101",0.0,0.002498634159564972
"2025-08-28 22:45:00","b101",0.0,0.0019845301285386086
"2025-08-28 23:00:00","b101",0.0,0.0017135515809059143
"2025-08-28 23:15:00","b101",0.0,0.0019361437298357487
"2025-08-28 23:30:00","b101",0.0,0.003208218142390251
"2025-08-28 23:45:00","b101",0.0,0.003088069148361683
"2025-08-29 00:00:00","b101",0.0,0.0017798049375414848
"2025-08-29 00:15:00","b101",0.0,0.0013858247548341751
"2025-08-29 00:30:00","b101",0.0,0.000928378663957119
"2025-08-29 00:45:00","b101",0.0,0.0008316729217767715
"2025-08-29 01:00:00","b101",0.03,0.00015879422426223755
"2025-08-29 01:15:00","b101",0.06,0.0009495659032836556
"2025-08-29 01:30:00","b101",0.05000000000000002,0.02133268117904663
"2025-08-29 01:45:00","b101",0.06999999999999998,0.024181868880987167
"2025-08-29 02:00:00","b101",0.05000000000000002,0.027869269251823425
"2025-08-29 02:15:00","b101",0.06,0.02709376998245716
"2025-08-29 02:30:00","b101",0.06,0.02466992661356926
"2025-08-29 02:45:00","b101",0.06,0.045809149742126465
"2025-08-29 03:00:00","b101",0.06,0.04548534378409386
"2025-08-29 03:15:00","b101",0.06000000000000005,0.062239691615104675
"2025-08-29 03:30:00","b101",0.05999999999999994,0.05628880485892296
"2025-08-29 03:45:00","b101",0.050000000000000044,0.06515802443027496
"2025-08-29 04:00:00","b101",0.05999999999999994,0.08919677883386612
"2025-08-29 04:15:00","b101",0.07000000000000006,0.10402294248342514
"2025-08-29 04:30:00","b101",0.07999999999999996,0.10502104461193085
"2025-08-29 04:45:00","b101",0.06999999999999995,0.11039736121892929
"2025-08-29 05:00:00","b101",0.050000000000000044,0.1303168386220932
"2025-08-29 05:15:00","b101",0.06000000000000005,0.09997762739658356
"2025-08-29 05:30:00","b101",0.050000000000000044,0.06830881536006927
"2025-08-29 05:45:00","b101",0.05999999999999983,0.06063807010650635
"2025-08-29 06:00:00","b101",0.06000000000000005,0.08571577072143555
"2025-08-29 06:15:00","b101",0.050000000000000044,0.06450144201517105
"2025-08-29 06:30:00","b101",0.07000000000000006,0.04064587876200676
"2025-08-29 06:45:00","b101",0.08999999999999986,0.042916927486658096
"2025-08-29 07:00:00","b101",0.10000000000000009,0.14869776368141174
"2025-08-29 07:15:00","b101",0.10000000000000009,0.1052640825510025
"2025-08-29 07:30:00","b101",0.1299999999999999,0.11042238771915436
"2025-08-29 07:45:00","b101",0.10999999999999988,0.13761070370674133
"2025-08-29 08:00:00","b101",0.09000000000000008,0.202206552028656
"2025-08-29 08:15:00","b101",0.07000000000000006,0.05650811642408371
"2025-08-29 08:30:00","b101",0.06999999999999984,0.06745919585227966
"2025-08-29 08:45:00","b101",0.050000000000000266,0.058818310499191284
"2025-08-29 09:00:00","b101",0.06000000000000005,0.05616607517004013
"2025-08-29 09:15:00","b101",0.06000000000000005,0.037868890911340714
"2025-08-29 09:30:00","b101",0.04999999999999982,0.06248507648706436
"2025-08-29 09:45:00","b101",0.06000000000000005,0.06215526908636093
"2025-08-29 10:00:00","b101",0.040000000000000036,0.056343186646699905
"2025-08-29 10:15:00","b101",0.0,0.03555891290307045
"2025-08-29 10:30:00","b101",0.0,0.04843580722808838
"2025-08-29 10:45:00","b101",0.04999999999999982,0.03186753764748573
"2025-08-29 11:00:00","b101",0.06000000000000005,0.04403185471892357
"2025-08-29 11:15:00","b101",0.009999999999999787,0.055450424551963806
"2025-08-29 11:30:00","b101",0.0,0.04643494263291359
"2025-08-29 11:45:00","b101",0.0,0.04319143295288086
"2025-08-29 12:00:00","b101",0.0,0.03643782064318657
"2025-08-29 12:15:00","b101",0.0,0.033793214708566666
"2025-08-29 12:30:00","b101",0.0,0.03330734744668007
"2025-08-29 12:45:00","b101",0.0,0.03414570912718773
"2025-08-29 13:00:00","b101",0.0,0.03431982919573784
"2025-08-29 13:15:00","b101",0.0,0.03341442346572876
"2025-08-29 13:30:00","b101",0.0,0.03382851555943489
"2025-08-29 13:45:00","b101",0.0,0.03374897316098213
"2025-08-29 14:00:00","b101",0.0,0.03154711797833443
"2025-08-29 14:15:00","b101",0.0,0.031441472470760345
"2025-08-29 14:30:00","b101",0.0,0.03087483160197735
"2025-08-29 14:45:00","b101",0.0,0.02995995059609413
"2025-08-29 15:00:00","b101",0.0,0.02980375662446022
"2025-08-29 15:15:00","b101",0.0,0.029259327799081802
"2025-08-29 15:30:00","b101",0.0,0.02999766916036606
"2025-08-29 15:45:00","b101",0.0,0.029204629361629486
"2025-08-29 16:00:00","b101",0.0,0.029324129223823547
"2025-08-29 16:15:00","b101",0.0,0.02954004518687725
"2025-08-29 16:30:00","b101",0.0,0.02860548347234726
"2025-08-29 16:45:00","b101",0.0,0.02781248278915882
"2025-08-29 17:00:00","b101",0.0,0.02786613255739212
"2025-08-29 17:15:00","b101",0.0,0.025806725025177002
"2025-08-29 17:30:00","b101",0.0,0.026278723031282425
"2025-08-29 17:45:00","b101",0.0,0.02290520817041397
"2025-08-29 18:00:00","b101",0.0,0.02265927754342556
"2025-08-29 18:15:00","b101",0.0,0.020318878814578056
"2025-08-29 18:30:00","b101",0.0,0.020919956266880035
"2025-08-29 18:45:00","b101",0.0,0.018467789515852928
"2025-08-29 19:00:00","b101",0.0,0.01794113963842392
"2025-08-29 19:15:00","b101",0.0,0.016537997871637344
"2025-08-29 19:30:00","b101",0.0,0.015904806554317474
"2025-08-29 19:45:00","b101",0.0,0.014048495329916477
"2025-08-29 20:00:00","b101",0.0,0.014492733404040337
"2025-08-29 20:15:00","b101",0.0,0.013636750169098377
"2025-08-29 20:30:00","b101",0.0,0.011912507936358452
"2025-08-29 20:45:00","b101",0.010000000000000231,0.013808985240757465
"2025-08-29 21:00:00","b101",0.020000000000000018,0.013502903282642365
"2025-08-29 21:15:00","b101",0.009999999999999787,0.023065179586410522
"2025-08-29 21:30:00","b101",0.0,0.029142672196030617
"2025-08-29 21:45:00","b101",0.0,0.029102236032485962
"2025-08-29 22:00:00","b101",0.0,0.009555994533002377
"2025-08-29 22:15:00","b101",0.0,0.009336579591035843
"2025-08-29 22:30:00","b101",0.0,0.0058244457468390465
"2025-08-29 22:45:00","b101",0.0,0.004741247743368149
"2025-08-29 23:00:00","b101",0.0,0.0034280316904187202
"2025-08-29 23:15:00","b101",0.0,0.003332792315632105
"2025-08-29 23:30:00","b101",0.0,0.0027951588854193687
"2025-08-29 23:45:00","b101",0.0,0.002499144058674574
"2025-08-30 00:00:00","b101",0.0,0.0017781932838261127
"2025-08-30 00:15:00","b101",0.0,0.0009157685562968254
"2025-08-30 00:30:00","b101",0.0,0.004462658893316984
"2025-08-30 00:45:00","b101",0.0,0.004058048594743013
"2025-08-30 01:00:00","b101",0.0,0.0033232923597097397
"2025-08-30 01:15:00","b101",0.0,0.0013483519433066249
"2025-08-30 01:30:00","b101",0.0,0.0004253862425684929
"2025-08-30 01:45:00","b101",0.0,1.5378231182694435e-05
"2025-08-30 02:00:00","b101",0.0,0.00010419357568025589
"2025-08-30 02:15:00","b101",0.0,0.0003231735900044441
"2025-08-30 02:30:00","b101",0.0,0.00019584590336307883
"2025-08-30 02:45:00","b101",0.0,0.0
"2025-08-30 03:00:00","b101",0.0,0.0
"2025-08-30 03:15:00","b101",0.0,0.00012677599443122745
"2025-08-30 03:30:00","b101",0.0,0.000517193810082972
"2025-08-30 03:45:00","b101",0.0,0.00011990423081442714
"2025-08-30 04:00:00","b101",0.0,0.0007986659766174853
"2025-08-30 04:15:00","b101",0.0,0.0010593135375529528
"2025-08-30 04:30:00","b101",0.0,0.001460181432776153
"2025-08-30 04:45:00","b101",0.0,0.0019774059765040874
"2025-08-30 05:00:00","b101",0.0,0.002737494185566902
"2025-08-30 05:15:00","b101",0.0,0.0017448225989937782
"2025-08-30 05:30:00","b101",0.0,0.0027855457738041878
"2025-08-30 05:45:00","b101",0.0,0.001954491250216961
"2025-08-30 06:00:00","b101",0.01,0.002576181199401617
"2025-08-30 06:15:00","b101",0.04,0.001031495863571763
"2025-08-30 06:30:00","b101",0.039999999999999994,0.02951248176395893
"2025-08-30 06:45:00","b101",0.04000000000000001,0.025899739935994148
"2025-08-30 07:00:00","b101",0.01999999999999999,0.04096253588795662
"2025-08-30 07:15:00","b101",0.03,0.023977402597665787
"2025-08-30 07:30:00","b101",0.04000000000000001,0.013424837961792946
"2025-08-30 07:45:00","b101",0.03,0.05110118165612221
"2025-08-30 08:00:00","b101",0.0,0.022335559129714966
"2025-08-30 08:15:00","b101",0.0,0.007835086435079575
"2025-08-30 08:30:00","b101",0.0,0.004492904059588909
"2025-08-30 08:45:00","b101",0.0,0.004500506445765495
"2025-08-30 09:00:00","b101",0.0,0.005468097981065512
"2025-08-30 09:15:00","b101",0.0,0.007237650454044342
"2025-08-30 09:30:00","b101",0.0,0.00567737827077508
"2025-08-30 09:45:00","b101",0.0,0.01255773939192295
"2025-08-30 10:00:00","b101",0.0,0.008614126592874527
"2025-08-30 10:15:00","b101",0.0,0.00987093336880207
"2025-08-30 10:30:00","b101",0.0,0.006657058373093605
"2025-08-30 10:45:00","b101",0.0,0.006622171960771084
"2025-08-30 11:00:00","b101",0.0,0.004459034651517868
"2025-08-30 11:15:00","b101",0.0,0.007436248939484358
"2025-08-30 11:30:00","b101",0.0,0.004913472570478916
"2025-08-30 11:45:00","b101",0.0,0.005757192149758339
"2025-08-30 12:00:00","b101",0.0,0.005044284742325544
"2025-08-30 12:15:00","b101",0.0,0.004857638850808144
"2025-08-30 12:30:00","b101",0.0,0.004359775688499212
"2025-08-30 12:45:00","b101",0.0,0.002943767700344324
"2025-08-30 13:00:00","b101",0.0,0.002524728886783123
"2025-08-30 13:15:00","b101",0.0,0.00682678259909153
"2025-08-30 13:30:00","b101",0.0,0.00427756505087018
"2025-08-30 13:45:00","b101",0.0,0.0015409523621201515
"2025-08-30 14:00:00","b101",0.0,0.0027500842697918415
"2025-08-30 14:15:00","b101",0.0,0.004857293330132961
"2025-08-30 14:30:00","b101",0.0,0.010254662483930588
"2025-08-30 14:45:00","b101",0.0,0.01452041044831276
"2025-08-30 15:00:00","b101",0.0,0.01078337524086237
"2025-08-30 15:15:00","b101",0.0,0.012026548385620117
"2025-08-30 15:30:00","b101",0.0,0.008822045288980007
"2025-08-30 15:45:00","b101",0.0,0.011438317596912384
"2025-08-30 16:00:00","b101",0.0,0.006361949723213911
"2025-08-30 16:15:00","b101",0.0,0.005239616148173809
"2025-08-30 16:30:00","b101",0.0,0.001969850156456232
"2025-08-30 16:45:00","b101",0.0,0.0023839217610657215
"2025-08-30 17:00:00","b101",0.0,0.0014728663954883814
"2025-08-30 17:15:00","b101",0.0,0.003344139317050576
"2025-08-30 17:30:00","b101",0.0,0.003883291268721223
"2025-08-30 17:45:00","b101",0.0,0.004553057253360748
"2025-08-30 18:00:00","b101",0.0,0.001027354272082448
"2025-08-30 18:15:00","b101",0.0,0.0006782198324799538
"2025-08-30 18:30:00","b101",0.0,0.0005601563025265932
"2025-08-30 18:45:00","b101",0.020000000000000018,0.000609429320320487
"2025-08-30 19:00:00","b101",0.019999999999999962,0.0008964389562606812
"2025-08-30 19:15:00","b101",0.020000000000000018,0.03564967215061188
"2025-08-30 19:30:00","b101",0.04999999999999999,0.011145669966936111
"2025-08-30 19:45:00","b101",0.10999999999999999,0.02583838254213333
"2025-08-30 20:00:00","b101",0.15000000000000002,0.0655684620141983
"2025-08-30 20:15:00","b101",0.19999999999999996,0.055031582713127136
"2025-08-30 20:30:00","b101",0.18000000000000005,0.08670712262392044
"2025-08-30 20:45:00","b101",0.020000000000000018,0.14820381999015808
"2025-08-30 21:00:00","b101",0.0,0.03245212137699127
"2025-08-30 21:15:00","b101",0.0,0.041768573224544525
"2025-08-30 21:30:00","b101",0.0,0.02782135270535946
"2025-08-30 21:45:00","b101",0.0,0.01752212829887867
"2025-08-30 22:00:00","b101",0.0,0.03749023750424385
"2025-08-30 22:15:00","b101",0.0,0.012787356972694397
"2025-08-30 22:30:00","b101",0.0,0.019417505711317062
"2025-08-30 22:45:00","b101",0.010000000000000009,0.008832923136651516
"2025-08-30 23:00:00","b101",0.040000000000000036,0.014353967271745205
"2025-08-30 23:15:00","b101",0.25,0.07140447944402695
"2025-08-30 23:30:00","b101",0.34999999999999987,0.14356869459152222
"2025-08-30 23:45:00","b101",0.5,0.2648778557777405
"2025-08-31 00:00:00","b101",0.3400000000000003,0.3145066797733307
"2025-08-31 00:15:00","b101",0.0,0.6203490495681763
"2025-08-31 00:30:00","b101",0.21999999999999997,0.08688988536596298
"2025-08-31 00:45:00","b101",0.020000000000000018,0.12953989207744598
"2025-08-31 01:00:00","b101",0.0,0.07692261040210724
"2025-08-31 01:15:00","b101",0.0,0.035738829523324966
"2025-08-31 01:30:00","b101",0.0,0.04069119691848755
"2025-08-31 01:45:00","b101",0.0,0.03543219342827797
"2025-08-31 02:00:00","b101",0.0,0.02054334059357643
"2025-08-31 02:15:00","b101",0.020000000000000018,0.024933457374572754
"2025-08-31 02:30:00","b101",0.0,0.027484290301799774
"2025-08-31 02:45:00","b101",0.0,0.021921338513493538
"2025-08-31 03:00:00","b101",0.0,0.03687493875622749
"2025-08-31 03:15:00","b101",0.07999999999999996,0.03160872310400009
"2025-08-31 03:30:00","b101",0.07000000000000006,0.1301088035106659
"2025-08-31 03:45:00","b101",0.06999999999999995,0.32176628708839417
"2025-08-31 04:00:00","b101",0.08000000000000007,0.2146187275648117
"2025-08-31 04:15:00","b101",0.05999999999999994,0.20344874262809753
"2025-08-31 04:30:00","b101",0.05999999999999994,0.18413197994232178
"2025-08-31 04:45:00","b101",0.07000000000000006,0.2341291755437851
"2025-08-31 05:00:00","b101",0.07000000000000006,0.13937440514564514
"2025-08-31 05:15:00","b101",0.06999999999999984,0.1858263909816742
"2025-08-31 05:30:00","b101",0.06000000000000005,0.28654903173446655
"2025-08-31 05:45:00","b101",0.030000000000000027,0.26153597235679626
"2025-08-31 06:00:00","b101",0.0,0.2609671652317047
"2025-08-31 06:15:00","b101",0.0,0.08015508949756622
"2025-08-31 06:30:00","b101",0.0,0.06879293918609619
"2025-08-31 06:45:00","b101",0.0,0.051379360258579254
"2025-08-31 07:00:00","b101",0.0,0.06273947656154633
"2025-08-31 07:15:00","b101",0.0,0.05522364377975464
"2025-08-31 07:30:00","b101",0.0,0.029994206503033638
"2025-08-31 07:45:00","b101",0.0,0.03990531712770462
"2025-08-31 08:00:00","b101",0.0,0.03218090534210205
"2025-08-31 08:15:00","b101",0.0,0.030763687565922737
"2025-08-31 08:30:00","b101",0.0,0.028245417401194572
"2025-08-31 08:45:00","b101",0.0,0.02777845226228237
"2025-08-31 09:00:00","b101",0.0,0.024145424365997314
"2025-08-31 09:15:00","b101",0.0,0.02665751427412033
"2025-08-31 09:30:00","b101",0.0,0.02641376107931137
"2025-08-31 09:45:00","b101",0.0,0.028783390298485756
"2025-08-31 10:00:00","b101",0.0,0.028897089883685112
"2025-08-31 10:15:00","b101",0.0,0.035195350646972656
"2025-08-31 10:30:00","b101",0.0,0.03205844759941101
"2025-08-31 10:45:00","b101",0.0,0.034521445631980896
"2025-08-31 11:00:00","b101",0.0,0.034651681780815125
"2025-08-31 11:15:00","b101",0.0,0.03187699615955353
"2025-08-31 11:30:00","b101",0.0,0.028642043471336365
"2025-08-31 11:45:00","b101",0.0,0.02307053655385971
"2025-08-31 12:00:00","b101",0.0,0.02360791154205799
"2025-08-31 12:15:00","b101",0.0,0.022018644958734512
"2025-08-31 12:30:00","b101",0.0,0.017346370965242386
"2025-08-31 12:45:00","b101",0.0,0.02331075258553028
"2025-08-31 13:00:00","b101",0.0,0.0333830751478672
"2025-08-31 13:15:00","b101",0.0,0.03538152202963829
"2025-08-31 13:30:00","b101",0.0,0.03873945027589798
"2025-08-31 13:45:00","b101",0.0,0.03535705804824829
"2025-08-31 14:00:00","b101",0.0,0.04485270753502846
"2025-08-31 14:15:00","b101",0.0,0.055715374648571014
"2025-08-31 14:30:00","b101",0.0,0.04584719240665436
"2025-08-31 14:45:00","b101",0.0,0.03845854476094246
"2025-08-31 15:00:00","b101",0.0,0.036748532205820084
"2025-08-31 15:15:00","b101",0.0,0.029866892844438553
"2025-08-31 15:30:00","b101",0.0,0.013180766254663467
"2025-08-31 15:45:00","b101",0.0,0.014687946066260338
"2025-08-31 16:00:00","b101",0.0,0.009446907788515091
"2025-08-31 16:15:00","b101",0.0,0.014082212001085281
"2025-08-31 16:30:00","b101",0.0,0.009024281054735184
"2025-08-31 16:45:00","b101",0.010000000000000009,0.009885285049676895
"2025-08-31 17:00:00","b101",0.0,0.01495090126991272
"2025-08-31 17:15:00","b101",0.0,0.006396494340151548
"2025-08-31 17:30:00","b101",0.0,0.005625552032142878
"2025-08-31 17:45:00","b101",0.0,0.008557927794754505
"2025-08-31 18:00:00","b101",0.0,0.006234621163457632
"2025-08-31 18:15:00","b101",0.0,0.0060474262572824955
"2025-08-31 18:30:00","b101",0.0,0.005538018885999918
"2025-08-31 18:45:00","b101",0.07000000000000006,0.004317082464694977
"2025-08-31 19:00:00","b101",0.06999999999999984,0.06431088596582413
"2025-08-31 19:15:00","b101",0.08000000000000007,0.12085891515016556
"2025-08-31 19:30:00","b101",0.07000000000000006,0.06357638537883759
"2025-08-31 19:45:00","b101",0.06999999999999984,0.07656297087669373
"2025-08-31 20:00:00","b101",0.06000000000000005,0.02742656320333481
"2025-08-31 20:15:00","b101",0.06000000000000005,0.047519490122795105
"2025-08-31 20:30:00","b101",0.06999999999999984,0.03761196881532669
"2025-08-31 20:45:00","b101",0.06999999999999984,0.11234057694673538
"2025-08-31 21:00:00","b101",0.07000000000000006,0.06189337745308876
"2025-08-31 21:15:00","b101",0.07999999999999985,0.07903146743774414
"2025-08-31 21:30:00","b101",0.0900000000000003,0.09033796191215515
"2025-08-31 21:45:00","b101",0.07000000000000028,0.1366746425628662
"2025-08-31 22:00:00","b101",0.06000000000000005,0.07759503275156021
"2025-08-31 22:15:00","b101",0.0,0.055409908294677734
"2025-08-31 22:30:00","b101",0.0,0.011157715693116188
"2025-08-31 22:45:00","b101",0.0,0.007892255671322346
"2025-08-31 23:00:00","b101",0.0,0.011536557227373123
"2025-08-31 23:15:00","b101",0.0,0.018888963386416435
"2025-08-31 23:30:00","b101",0.0,0.016794444993138313
"2025-08-31 23:45:00","b101",0.0,0.023583900183439255
