<?xml version="1.0" encoding="UTF-8"?>
<!DOCTYPE mapper PUBLIC "-//mybatis.org//DTD Mapper 3.0//EN" "http://mybatis.org/dtd/mybatis-3-mapper.dtd">

<mapper namespace="io.linfeng.modules.admin.dao.LinkDao">

	<!-- 可根据自己的需求，是否要使用 -->
    <resultMap type="io.linfeng.modules.admin.entity.LinkEntity" id="linkMap">
        <result property="id" column="id"/>
        <result property="title" column="title"/>
        <result property="url" column="url"/>
        <result property="img" column="img"/>
        <result property="type" column="type"/>
        <result property="createTime" column="create_time"/>
    </resultMap>


</mapper>