sid,province,city,lon,lat,code
50136,黑龙江,漠河,122.51666666666668,52.96666666666666,JRtnt
50246,黑龙江,塔河,124.71666666666668,52.35,CDeOK
50247,黑龙江,呼中,123.56666666666668,52.03333333333334,UYVbv
50349,黑龙江,新林,124.4,51.66666666666666,HbMIl
50353,黑龙江,呼玛,126.63333333333333,51.73333333333333,mgshy
50434,内蒙古,图里河,121.68333333333332,50.48333333333333,aJvlD
50442,黑龙江,加格达奇,124.11666666666666,50.400000000000006,bzkiu
50445,内蒙古,鄂伦春自治旗,123.73333333333332,50.583333333333336,xSEoe
50468,黑龙江,爱辉,127.45,50.25,pmtBg
50514,内蒙古,满洲里,117.31666666666666,49.583333333333336,lpQez
50524,内蒙古,陈巴尔虎旗,119.43333333333334,49.31666666666666,RLQwC
50525,内蒙古,鄂温克族自治旗,119.75,49.150000000000006,fsMrH
50527,内蒙古,海拉尔,119.7,49.25,ZnVfr
50548,内蒙古,小二沟,123.71666666666668,49.2,hYgyL
50557,黑龙江,嫩江,125.23333333333332,49.16666666666667,vbooM
50564,黑龙江,孙吴,127.35,49.43333333333333,mmcxS
50566,黑龙江,逊克,128.46666666666667,49.55,mWSYM
50603,内蒙古,新巴尔虎右旗,116.81666666666666,48.68333333333333,GVqqU
50618,内蒙古,新巴尔虎左旗,118.26666666666668,48.21666666666667,HEXvi
50639,内蒙古,扎兰屯,122.73333333333332,48.0,SkEfQ
50645,内蒙古,莫力达瓦达斡尔族自治旗,124.48333333333336,48.48333333333333,EDzaW
50646,黑龙江,讷河,124.85,48.48333333333333,ASmKv
50647,内蒙古,阿荣旗,123.48333333333336,48.13333333333333,cYTae
50655,黑龙江,五大连池,126.18333333333334,48.49999999999999,hkmNX
50656,黑龙江,北安,126.5,48.25,FUBSc
50658,黑龙江,克山,125.88333333333334,48.05,CbmDS
50659,黑龙江,克东,126.23333333333332,48.05,itNzm
50673,黑龙江,嘉荫,130.4,48.88333333333333,YNpgg
50727,内蒙古,阿尔山,119.93333333333334,47.16666666666667,dfCWY
50739,黑龙江,龙江,123.25,47.3,nIDJi
50741,黑龙江,甘南,123.5,47.93333333333334,sjFeU
50742,黑龙江,富裕,124.48333333333336,47.8,dpauo
50745,黑龙江,齐齐哈尔,123.91666666666666,47.383333333333326,pMfJu
50749,黑龙江,林甸,124.83333333333331,47.18333333333333,gleUW
50750,黑龙江,依安,125.3,47.9,bsEJz
50755,黑龙江,拜泉,126.06666666666668,47.61666666666666,lNOID
50756,黑龙江,海伦,126.86666666666666,47.45,NTbXS
50758,黑龙江,明水,125.9,47.150000000000006,KiOjO
50767,黑龙江,绥棱,127.1,47.23333333333333,yDfoU
50772,黑龙江,五营,129.23333333333332,48.1,hhuDQ
50774,黑龙江,伊春,128.83333333333334,47.7,BAQLD
50775,黑龙江,鹤岗,130.20000000000002,47.333333333333336,pQrYF
50776,黑龙江,萝北,130.83333333333334,47.56666666666667,PWpUL
50778,黑龙江,同江,132.53333333333333,47.66666666666666,qrZkO
50779,黑龙江,抚远,134.2833333333333,48.36666666666667,DVtZN
50787,黑龙江,绥滨,131.83333333333334,47.31666666666666,SJgvR
50788,黑龙江,富锦,131.98333333333335,47.23333333333333,klLFj
50834,内蒙古,索伦,121.21666666666664,46.6,rAVUr
50844,黑龙江,泰来,123.45,46.400000000000006,xcfkz
50850,黑龙江,大庆,125.13333333333333,46.56666666666667,uLCaf
50851,黑龙江,青冈,126.08333333333331,46.68333333333333,vIgUg
50852,黑龙江,望奎,126.45,46.833333333333336,sLrQJ
50853,黑龙江,北林,126.96666666666668,46.61666666666666,gSmNE
50854,黑龙江,安达,125.31666666666666,46.383333333333326,NNObw
50858,黑龙江,肇东,125.8,46.016666666666666,Ksney
50859,黑龙江,兰西,126.28333333333332,46.28333333333334,cGaLJ
50861,黑龙江,庆安,127.48333333333336,46.88333333333333,yTeZo
50862,黑龙江,铁力,127.98333333333332,46.98333333333334,ADOZr
50867,黑龙江,巴彦,127.35,46.08333333333333,pWcDo
50871,黑龙江,汤原,129.88333333333333,46.73333333333333,vroJw
50873,黑龙江,佳木斯,130.3,46.78333333333333,IwveF
50877,黑龙江,依兰,129.58333333333331,46.3,dmjQR
50878,黑龙江,桦川,130.71666666666667,47.0,DOodT
50879,黑龙江,桦南,130.55,46.21666666666667,jLgCL
50880,黑龙江,集贤,131.11666666666665,46.73333333333333,KwYPC
50884,黑龙江,双鸭山,131.15,46.63333333333334,xYzrU
50888,黑龙江,宝清,132.16666666666666,46.383333333333326,YjqxY
50892,黑龙江,饶河,134.0,46.8,wFzHQ
50913,内蒙古,乌拉盖,118.83333333333331,45.71666666666667,WFTLX
50924,内蒙古,霍林郭勒,119.65,45.55,NyoHN
50928,内蒙古,巴雅尔吐胡硕,120.33333333333334,45.06666666666666,qTuUm
50934,内蒙古,突泉,121.58333333333331,45.383333333333326,jreCm
50936,吉林,白城,122.83333333333331,45.63333333333334,ktvDN
50937,内蒙古,科尔沁右翼中旗,121.48333333333336,45.06666666666666,ruoKn
50939,吉林,洮南,122.81666666666666,45.333333333333336,YWjdQ
50940,吉林,镇赉,123.16666666666666,45.85,fboAj
50945,吉林,大安,124.23333333333332,45.49999999999999,yHPvq
50946,吉林,松原,124.83333333333331,45.18333333333333,jJpzl
50948,吉林,乾安,124.01666666666668,45.0,xUMET
50949,吉林,前郭,124.86666666666666,45.08333333333333,JWcDH
50950,黑龙江,肇州,125.25,45.7,Yopij
50953,黑龙江,哈尔滨,126.56666666666668,45.93333333333334,pzXOG
50954,黑龙江,肇源,125.08333333333331,45.49999999999999,aurwd
50956,黑龙江,呼兰,126.76666666666664,46.08333333333333,wqBvY
50958,黑龙江,阿城,126.93333333333334,45.53333333333333,xQbWX
50960,黑龙江,宾县,127.38333333333334,45.73333333333333,yiPrH
50962,黑龙江,木兰,128.03333333333336,45.95,SZwbc
50963,黑龙江,通河,128.73333333333332,45.96666666666666,psRwx
50964,黑龙江,方正,128.79999999999998,45.833333333333336,pIYbE
50965,黑龙江,延寿,128.26666666666665,45.43333333333333,pvnEo
50968,黑龙江,尚志,127.96666666666668,45.21666666666667,JAcDZ
50971,黑龙江,七台河,131.01666666666665,45.766666666666666,olTln
50973,黑龙江,勃利,130.60000000000002,45.75000000000001,HeDuS
50978,黑龙江,鸡西,130.91666666666669,45.3,tsmWc
50979,黑龙江,林口,130.23333333333332,45.26666666666666,CfgiH
50983,黑龙江,虎林,132.9666666666667,45.766666666666666,rhGIi
50985,黑龙江,密山,131.86666666666667,45.55,yqikp
50987,黑龙江,鸡东,131.1,45.26666666666666,NFjTg
51053,新疆,哈巴河,86.39999999999999,48.05,vuVKP
51060,新疆,布尔津,86.86666666666666,47.7,OCkda
51068,新疆,福海,87.48333333333335,47.11666666666667,dzMlI
51076,新疆,阿勒泰,88.08333333333333,47.73333333333333,SnOYy
51087,新疆,富蕴,89.5,47.016666666666666,JUKYd
51133,新疆,塔城,83.0,46.73333333333333,qHPXG
51137,新疆,裕民,82.93333333333334,46.2,EDyyx
51145,新疆,额敏,83.65,46.55,BFpxB
51156,新疆,和布克赛尔,85.75,46.81666666666667,UXCKY
51232,新疆,阿拉山口,82.55,45.18333333333333,LrfAz
51238,新疆,博乐,82.06666666666668,44.9,hSwcs
51241,新疆,托里,83.6,45.93333333333334,eseSA
51243,新疆,克拉玛依,84.85000000000001,45.61666666666666,RHxwy
51334,新疆,精河,82.81666666666666,44.56666666666667,bpMAs
51357,新疆,沙湾,85.61666666666667,44.333333333333336,NcLcb
51359,新疆,玛纳斯,86.2,44.31666666666666,YQXUS
51367,新疆,呼图壁,86.85000000000001,44.16666666666667,RYXfs
51368,新疆,昌吉,87.31666666666666,44.11666666666667,bIfiH
51377,新疆,阜康,87.91666666666666,44.16666666666667,FoOEx
51378,新疆,吉木萨尔,89.16666666666666,44.0,IaCfC
51469,新疆,乌鲁木齐牧试站,87.18333333333334,43.45,OQSHg
51470,新疆,天池,88.11666666666666,43.88333333333333,WiYil
51477,新疆,达坂城,88.31666666666666,43.35,wmimk
51482,新疆,木垒,90.28333333333332,43.833333333333336,HvGJL
51542,新疆,巴音布鲁克,84.15,43.03333333333334,BNxlq
51567,新疆,焉耆,86.56666666666668,42.08333333333333,QiKzF
51571,新疆,托克逊,88.6,42.766666666666666,xKqfo
51573,新疆,吐鲁番,89.23333333333333,42.95,DGEdf
51627,新疆,乌什,79.23333333333333,41.21666666666667,CUUUw
51628,新疆,阿克苏,80.38333333333334,41.11666666666667,wPpQt
51636,新疆,新和,82.65,41.55,QGLHi
51639,新疆,沙雅,82.78333333333333,41.23333333333333,lHafw
51656,新疆,库尔勒,85.81666666666666,41.73333333333333,qQedw
51704,新疆,阿图什,76.16666666666666,39.71666666666667,SzKmL
51705,新疆,乌恰,75.25000000000001,39.71666666666667,fNxHG
51707,新疆,伽师,76.78333333333333,39.49999999999999,lTSgf
51709,新疆,喀什,75.75,39.48333333333333,aHjQA
51717,新疆,岳普湖,76.78333333333333,39.25,zEUul
51720,新疆,柯坪,79.05,40.49999999999999,SkZBu
51722,新疆,阿瓦提,80.39999999999999,40.65,EvmKC
51730,新疆,阿拉尔,81.26666666666667,40.55,uWWmy
51747,新疆,塔中,83.66666666666667,39.0,tlkso
51765,新疆,铁干里克,87.7,40.63333333333334,jaCzk
51802,新疆,英吉沙,76.16666666666666,38.93333333333334,zXMMB
51810,新疆,麦盖提,77.63333333333333,38.91666666666666,BCzpJ
51811,新疆,莎车,77.26666666666667,38.43333333333333,fhaom
51814,新疆,叶城,77.39999999999999,37.91666666666666,baeXx
51815,新疆,泽普,77.26666666666667,38.2,aFKNj
51818,新疆,皮山,78.28333333333333,37.61666666666666,WupeJ
51826,新疆,策勒,80.80000000000001,37.016666666666666,LqeGf
51827,新疆,墨玉,79.63333333333333,37.16666666666667,nbFjx
51828,新疆,和田,79.93333333333334,37.13333333333333,HDzeq
51829,新疆,洛浦,80.23333333333333,37.05,HQoif
51839,新疆,民丰,82.71666666666668,37.06666666666666,zxIeh
51855,新疆,且末,85.55,38.150000000000006,vsSYw
51931,新疆,于田,81.65,36.85,eKceY
52101,新疆,巴里坤,93.05,43.6,ELQMW
52118,新疆,伊吾,94.7,43.26666666666666,fvHql
52203,新疆,哈密,93.51666666666668,42.81666666666667,LFhJu
52515,甘肃,肃北,94.86666666666666,39.51666666666667,sSFnE
52533,甘肃,酒泉,98.48333333333336,39.766666666666666,vDJSl
52546,甘肃,高台,99.83333333333331,39.36666666666667,DRGcR
52557,甘肃,临泽,100.16666666666666,39.150000000000006,xVSVN
52643,甘肃,肃南,99.61666666666667,38.833333333333336,GGFUG
52652,甘肃,张掖,100.28333333333332,39.08333333333333,nvQbo
52656,甘肃,民乐,100.81666666666666,38.46666666666667,rebjh
52674,甘肃,永昌,101.93333333333334,38.21666666666667,kQQJv
52679,甘肃,武威,102.66666666666669,37.91666666666666,LAPGD
52681,甘肃,民勤,103.08333333333331,38.63333333333334,PWOxb
52784,甘肃,古浪,102.9,37.46666666666667,NGpEn
52797,甘肃,景泰,104.05,37.18333333333333,RJphY
52818,青海,格尔木,94.91666666666666,36.41666666666666,vBvjN
52836,青海,都兰,98.1,36.3,HCwek
52856,青海,共和,100.61666666666667,36.26666666666666,IipKM
52863,青海,互助,101.95,36.81666666666667,AePoh
52866,青海,西宁,101.75,36.73333333333333,SHRvr
52868,青海,贵德,101.36666666666666,36.016666666666666,UYGyq
52869,青海,湟中,101.58333333333331,36.49999999999999,eHjuj
52875,青海,平安,102.1,36.49999999999999,YUDym
52876,青海,民和,102.83333333333331,36.333333333333336,Wleba
52877,青海,化隆,102.25,36.1,Mxsvt
52881,甘肃,天祝,103.18333333333334,36.98333333333334,OWolv
52884,甘肃,皋兰,103.95,36.35,RBGMm
52885,甘肃,永登,103.25,36.75000000000001,SRPTQ
52895,甘肃,靖远,104.68333333333332,36.56666666666667,rrWtb
52896,甘肃,白银,104.15,36.55,soZAZ
52943,青海,兴海,99.98333333333332,35.583333333333336,NYsvc
52955,青海,贵南,100.73333333333332,35.583333333333336,ZDODs
52957,青海,同德,100.6,35.25,SpzMT
52963,青海,尖扎,102.01666666666668,35.93333333333334,rQGTz
52968,青海,泽库,101.46666666666668,35.03333333333334,TWXzO
52972,青海,循化,102.45,35.849999999999994,nsbuX
52974,青海,同仁,102.03333333333332,35.55,bKSuW
52978,甘肃,夏河,102.5,35.18333333333333,SDGOR
52980,甘肃,永靖,103.3,35.96666666666666,BjkVk
52981,甘肃,东乡,103.38333333333334,35.68333333333333,XmAHB
58618,江西,东乡,116.6,28.266666666666666,hCKCS
52982,甘肃,广河,103.55,35.483333333333334,twInP
52983,甘肃,榆中,104.15,35.866666666666674,FXosK
52984,甘肃,临夏,103.18333333333334,35.583333333333336,orIIe
52985,甘肃,和政,103.33333333333334,35.416666666666664,jIOPb
52986,甘肃,临洮,103.86666666666666,35.36666666666667,DtldQ
52988,甘肃,康乐,103.71666666666668,35.36666666666667,ntUYN
52993,甘肃,会宁,105.06666666666668,35.68333333333333,QucKY
52995,甘肃,安定,104.61666666666667,35.583333333333336,KrLRa
52998,甘肃,渭源,104.2,35.13333333333333,tIClD
53068,内蒙古,二连浩特,111.93333333333334,43.63333333333334,OJrdF
53083,内蒙古,那仁宝力格,114.15,44.61666666666666,prTEI
53192,内蒙古,阿巴嘎旗,115.0,44.016666666666666,JokSy
53231,内蒙古,海力素,106.4,41.400000000000006,JwQIK
53289,内蒙古,镶黄旗,113.83333333333331,42.23333333333333,OWEcY
53336,内蒙古,乌拉特中旗,108.51666666666668,41.56666666666667,BdifC
53337,内蒙古,五原,108.46666666666668,41.08333333333333,mWFOR
53348,内蒙古,大佘太,109.13333333333333,41.016666666666666,yIiHA
53357,内蒙古,固阳,110.1,41.03333333333334,WyJDB
53367,内蒙古,希拉穆仁,111.23333333333332,41.31666666666666,cixAo
53378,内蒙古,察右中旗,112.61666666666667,41.28333333333334,bmgqt
53384,内蒙古,察右后旗,113.18333333333334,41.45,kCGgC
53385,内蒙古,商都,113.53333333333332,41.583333333333336,gBnSb
53391,内蒙古,化德,114.0,41.9,wsLwr
53392,河北,康保,114.58333333333331,41.85,KcroZ
53397,河北,尚义,113.98333333333332,41.1,BukSn
53399,河北,张北,114.7,41.150000000000006,Ykfmn
53419,内蒙古,磴口,107.0,40.333333333333336,CaZRE
53420,内蒙古,杭锦后旗,107.11666666666666,40.85,nxQJT
53433,内蒙古,乌拉特前旗,108.65,40.73333333333333,qxqVQ
53457,内蒙古,达拉特旗,110.03333333333332,40.400000000000006,GQBuT
53463,内蒙古,呼和浩特,111.56666666666668,40.85,IlyWx
53464,内蒙古,土默特左旗,111.16666666666666,40.71666666666667,XSgaX
53469,内蒙古,和林格尔县,111.81666666666666,40.400000000000006,zubiG
53472,内蒙古,卓资,112.56666666666668,40.866666666666674,BQQKj
53475,内蒙古,凉城,112.46666666666668,40.51666666666667,uZabW
53478,山西,右玉,112.45,40.0,cXBlU
53480,内蒙古,集宁,113.06666666666668,41.03333333333334,pZpJB
53483,内蒙古,兴和,113.83333333333331,40.866666666666674,BtVpC
53484,内蒙古,丰镇,113.15,40.45,uGHht
53486,山西,阳高,113.76666666666664,40.36666666666667,jLWui
53487,山西,大同,113.41666666666669,40.08333333333333,VZgct
53490,山西,天镇,114.05,40.43333333333333,qtSfk
53491,河北,怀安,114.38333333333334,40.66666666666666,GKAfR
53492,河北,阳原,114.15,40.1,daicd
53498,河北,宣化,115.03333333333332,40.56666666666667,bLxvu
53499,河北,万全,114.73333333333332,40.766666666666666,nXeQi
53512,内蒙古,乌海,106.8,39.8,HfJln
53513,内蒙古,临河,107.36666666666666,40.73333333333333,lqHEq
53518,宁夏,石嘴山,106.35,39.03333333333334,jNMZg
53519,宁夏,惠农,106.76666666666664,39.21666666666667,eJNvo
53522,内蒙古,伊克乌素,107.83333333333331,40.05,QDdlB
53529,内蒙古,鄂托克旗,107.96666666666668,39.08333333333333,EoybG
53533,内蒙古,杭锦旗,108.71666666666668,39.81666666666667,SycQs
53543,内蒙古,东胜,109.98333333333332,39.833333333333336,RPPfG
53545,内蒙古,伊金霍洛旗,109.71666666666668,39.56666666666667,bavSd
53553,内蒙古,准格尔旗,111.21666666666664,39.866666666666674,mrfbj
53564,山西,河曲,111.21666666666664,39.36666666666667,HvYyw
53565,山西,偏关,111.5,39.43333333333333,ygqJc
53567,陕西,府谷,111.0,39.016666666666666,Nudny
53573,山西,左云,112.7,40.0,bkbPS
53574,山西,平鲁,112.26666666666668,39.51666666666667,oJway
53575,山西,神池,112.2,39.1,tBsIw
53576,山西,山阴,112.81666666666666,39.49999999999999,KXQMd
53577,山西,宁武,112.3,39.0,CRNDj
53578,山西,朔州,112.43333333333334,39.36666666666667,OtlfP
53579,山西,代县,112.9,39.016666666666666,atrjZ
53582,山西,浑源,113.66666666666669,39.71666666666667,uWhuB
53584,山西,应县,113.16666666666666,39.56666666666667,LVEDc
53585,山西,繁峙,113.26666666666668,39.16666666666667,OTNAe
53588,山西,五台山,113.51666666666668,38.95,sxucp
53590,山西,广灵,114.26666666666668,39.75000000000001,pbxDH
53593,河北,蔚县,114.56666666666668,39.833333333333336,YbKUt
53594,山西,灵丘,114.18333333333334,39.45,cyeJN
53596,河北,顺平,115.15,38.91666666666666,AFgnu
53599,河北,涞源,114.68333333333332,39.36666666666667,ZdmWW
53610,宁夏,贺兰,106.35,38.56666666666667,RqsAG
53611,宁夏,平罗,106.55,38.88333333333333,yEKbm
53612,宁夏,吴忠,106.18333333333334,37.98333333333334,VXPXK
53614,宁夏,银川,106.2,38.46666666666667,LqTRN
53615,宁夏,陶乐,106.7,38.8,wODLX
53617,宁夏,青铜峡,106.08333333333331,38.03333333333334,zlWii
53618,宁夏,永宁,106.25,38.28333333333334,RokyE
53619,宁夏,灵武,106.3,38.11666666666667,HYEJD
53644,内蒙古,乌审旗,108.83333333333331,38.6,KhrDm
53646,陕西,榆林,109.78333333333332,38.26666666666666,eEPbq
53651,陕西,神木,110.46666666666668,38.81666666666667,wgIob
53658,陕西,佳县,110.48333333333336,38.03333333333334,kNHLa
53659,山西,临县,111.0,37.96666666666666,bAyTQ
53660,山西,保德,111.08333333333331,39.016666666666666,JXVvw
53662,山西,岢岚,111.58333333333331,38.71666666666667,ucItd
53663,山西,五寨,111.81666666666666,38.91666666666666,vMDNU
53664,山西,兴县,111.13333333333333,38.46666666666667,RBGVZ
53665,山西,岚县,111.65,38.28333333333334,Prpqh
53666,山西,静乐,111.93333333333334,38.35,KcsUl
53669,山西,娄烦,111.8,38.08333333333333,TxZCB
53673,山西,原平,112.71666666666668,38.73333333333333,ENVfK
53676,山西,定襄,112.98333333333332,38.49999999999999,NkWQP
53677,山西,尖草坪,112.48333333333336,37.93333333333334,ANMfd
53678,山西,阳曲,112.65,38.06666666666666,JOoEL
53679,山西,小店,112.55,37.75000000000001,hGDQB
53680,河北,灵寿,114.38333333333334,38.3,TynGR
53682,河北,曲阳,114.68333333333332,38.63333333333334,KVJiP
53685,山西,盂县,113.41666666666669,38.06666666666666,YZvdq
53687,山西,平定,113.63333333333333,37.78333333333333,DFvwn
53688,河北,行唐,114.55,38.41666666666666,rZAWC
53689,河北,晋州,115.06666666666668,38.016666666666666,vGudX
53690,河北,阜平,114.18333333333334,38.85,XELos
53691,河北,正定,114.56666666666668,38.150000000000006,sENtA
53692,河北,唐县,114.98333333333332,38.73333333333333,IIPwa
53693,河北,井陉,114.13333333333333,38.03333333333334,PxsDy
53694,河北,平山,114.21666666666664,38.26666666666666,lzuFh
53695,河北,新乐,114.68333333333332,38.35,xNnEo
53696,河北,定州,115.01666666666668,38.55,EXTBR
53697,河北,藁城,114.83333333333331,38.03333333333334,BMDXb
53699,河北,无极,114.95,38.18333333333333,YGoOp
53704,宁夏,中卫,105.18333333333334,37.53333333333333,mZrCd
53705,宁夏,中宁,105.68333333333332,37.48333333333333,sEpvS
57902,贵州,兴仁,105.18333333333334,25.433333333333337,PYXIV
53723,宁夏,盐池,107.38333333333334,37.8,FsnjH
53725,陕西,定边,107.58333333333331,37.583333333333336,sNYlv
53730,内蒙古,鄂托克前旗,107.48333333333336,38.18333333333333,fyQnv
53732,内蒙古,河南,108.71666666666668,37.85,jNnwV
56065,青海,河南,101.6,34.73333333333333,PdgVo
53735,陕西,靖边,108.8,37.61666666666666,WyIjX
53738,陕西,吴起,108.16666666666666,36.91666666666666,cdFMC
53748,陕西,子长,109.7,37.18333333333333,zgGer
53750,陕西,米脂,110.18333333333334,37.766666666666666,bLFjW
53751,陕西,子洲,110.05,37.6,kMChi
53753,山西,柳林,110.88333333333334,37.43333333333333,aKlRm
53754,陕西,绥德,110.21666666666664,37.49999999999999,AsHiS
53756,陕西,吴堡,110.71666666666668,37.51666666666667,GVBLs
53757,陕西,清涧,110.11666666666666,37.11666666666667,prSPO
53759,山西,石楼,110.83333333333331,36.98333333333334,CEGWS
53760,山西,方山,111.23333333333332,37.88333333333333,zAYzL
53763,山西,古交,112.16666666666666,37.91666666666666,ZCnNp
53764,山西,离石,111.1,37.49999999999999,lOfKI
53767,山西,中阳,111.16666666666666,37.333333333333336,QOTQG
53768,山西,孝义,111.75,37.150000000000006,VtRVI
53769,山西,汾阳,111.78333333333332,37.25,SsPhi
53770,山西,祁县,112.35,37.35,gBnmM
53771,山西,文水,112.05,37.41666666666666,NFJlP
53772,山西,太原,112.58333333333331,37.61666666666666,jmHMK
53773,河北,临漳,114.61666666666667,36.333333333333336,iStnu
53774,山西,清徐,112.36666666666666,37.583333333333336,tIwCB
53775,山西,太谷,112.6,37.41666666666666,kfLqv
53776,山西,榆次,112.76666666666664,37.68333333333333,CKjmA
53777,山西,交城,112.15,37.51666666666667,HHUAJ
53778,山西,平遥,112.21666666666664,37.16666666666667,ShbMD
53780,山西,寿阳,113.15,37.9,FlXtf
53781,河北,沙河,114.46666666666668,36.866666666666674,DPtSW
53782,山西,阳泉,113.61666666666667,37.93333333333334,rwUnO
53783,山西,昔阳,113.71666666666668,37.6,ThJbh
53784,河北,赵县,114.78333333333332,37.75000000000001,yXSFQ
53785,河北,柏乡,114.66666666666669,37.51666666666667,dVXww
53786,山西,左权,113.33333333333334,37.08333333333333,VFmuE
53787,山西,榆社,112.98333333333332,37.06666666666666,mQwJl
53788,山西,和顺,113.56666666666668,37.333333333333336,tOgRV
53789,河北,栾城,114.63333333333333,37.88333333333333,vPoEm
53790,河北,高邑,114.6,37.63333333333334,Slmxc
53791,河北,元氏,114.5,37.8,XHFGV
53792,河北,临城,114.48333333333336,37.45,tBOjo
53794,河北,隆尧,114.75,37.35,CoRNr
53795,河北,赞皇,114.4,37.65,mEbhg
53796,河北,宁晋,114.88333333333334,37.61666666666666,QwGch
53797,河北,内丘,114.38333333333334,37.28333333333334,tbLfc
53798,河北,邢台,114.36666666666666,37.18333333333333,WgyJx
53799,河北,巨鹿,114.98333333333332,37.23333333333333,XXUYp
53806,宁夏,海原,105.65,36.56666666666667,ydxHC
53810,宁夏,同心,105.9,36.96666666666666,OgDeQ
53817,宁夏,固原,106.26666666666668,36.0,muLnq
53821,甘肃,环县,107.3,36.56666666666667,tpwqY
53829,甘肃,庆城,107.9,35.98333333333334,eWgYP
53832,陕西,志丹,108.76666666666664,36.766666666666666,kTYbH
53841,陕西,安塞,109.31666666666666,36.88333333333333,XKqRX
53848,陕西,甘泉,109.35,36.26666666666666,PWPqX
53850,陕西,延川,110.18333333333334,36.88333333333333,HDzyP
53852,山西,永和,110.63333333333333,36.766666666666666,Xmsxf
53853,山西,隰县,110.95,36.7,WVCsi
53854,陕西,延长,110.06666666666668,36.583333333333336,zGmNC
53856,山西,大宁,110.75,36.46666666666667,ekOlr
53857,陕西,宜川,110.18333333333334,36.06666666666666,wVXnP
53859,山西,吉县,110.66666666666669,36.1,AFVkU
53860,山西,交口,111.16666666666666,36.98333333333334,RAxFj
53861,山西,襄汾,111.38333333333334,35.88333333333333,ZlvFx
53862,山西,灵石,111.8,36.85,sGCZR
53863,山西,介休,111.95,37.06666666666666,KqHyx
53864,山西,蒲县,111.1,36.400000000000006,mxfxi
53865,山西,汾西,111.55,36.65,ZqAPc
53866,山西,洪洞,111.66666666666669,36.23333333333333,mwSUY
53868,山西,临汾,111.5,36.06666666666666,nhsiM
53869,山西,霍州,111.7,36.583333333333336,DiJSX
53871,山西,武乡,112.86666666666666,36.85,zJdqY
53872,山西,沁县,112.68333333333332,36.766666666666666,MizAK
53873,山西,长子,112.86666666666666,36.1,Siujx
53874,山西,古县,111.9,36.25,FCrZy
53875,山西,沁源,112.35,36.51666666666667,UEqUT
53877,山西,安泽,112.25,36.16666666666667,KSSLi
53878,山西,黎城,113.38333333333334,36.51666666666667,rDABI
53879,山西,屯留,112.88333333333334,36.31666666666666,IUDAF
53880,山西,潞城,113.23333333333332,36.333333333333336,yGPnj
53884,山西,襄垣,113.03333333333332,36.51666666666667,WDsDq
53885,山西,壶关,113.2,36.11666666666667,kCXTL
53886,河北,涉县,113.66666666666669,36.56666666666667,YueHa
53888,山西,平顺,113.43333333333334,36.2,jWYMB
53889,河南,林州,113.86666666666666,36.06666666666666,LvRhA
53890,河北,武安,114.1,36.66666666666666,FwHWv
53891,河北,南和,114.68333333333332,37.016666666666666,HjWcO
53892,河北,邯郸,114.46666666666668,36.61666666666666,AwDQd
53893,河北,曲周,115.0,36.78333333333333,fAOhd
53894,河北,峰峰,114.2,36.400000000000006,eRyds
53895,河北,永年,114.45,36.75000000000001,bJQcD
53896,河北,魏县,114.95,36.333333333333336,JdkhE
53897,河北,磁县,114.35,36.400000000000006,vQqbv
53898,河南,安阳,114.13333333333333,36.05,hNkdK
53899,河北,广平,114.96666666666668,36.48333333333333,fQMyR
53903,宁夏,西吉,105.71666666666668,35.96666666666666,zKyVn
53906,甘肃,静宁,105.71666666666668,35.51666666666667,UFAUV
53908,甘肃,通渭,105.23333333333332,35.21666666666667,YKHoa
53914,宁夏,隆德,106.11666666666666,35.61666666666666,VhNkw
53915,甘肃,崆峒,106.66666666666669,35.53333333333333,RfbKS
53916,宁夏,泾源,106.31666666666666,35.49999999999999,xyYEK
53917,甘肃,庄浪,106.06666666666668,35.21666666666667,xClnb
53923,甘肃,西峰,107.63333333333333,35.73333333333333,sXwtL
53924,甘肃,灵台,107.61666666666667,35.06666666666666,jxyvf
53925,甘肃,镇原,107.18333333333334,35.68333333333333,iBsYQ
53926,甘肃,泾川,107.35,35.35,gtMsI
53927,甘肃,华亭,106.61666666666667,35.2,CUyDL
53928,甘肃,崇信,107.01666666666668,35.3,UGwYi
53929,陕西,长武,107.8,35.2,RRVoo
53930,甘肃,华池,107.98333333333332,36.45,IqwuL
53931,陕西,富县,109.36666666666666,36.0,QfWPS
53934,甘肃,合水,107.98333333333332,35.78333333333333,HSTdx
53935,甘肃,正宁,108.4,35.483333333333334,impSE
53937,甘肃,宁县,107.88333333333334,35.53333333333333,lAmjf
53938,陕西,旬邑,108.3,35.16666666666667,HWqri
53941,陕西,白水,109.58333333333331,35.18333333333333,lrIpm
53942,陕西,洛川,109.41666666666669,35.766666666666666,RrumW
53944,陕西,黄陵,109.25,35.56666666666667,Iwyeu
53945,陕西,宜君,109.06666666666668,35.43333333333333,rURnf
53946,陕西,黄龙,109.81666666666666,35.6,uHJpt
53947,陕西,铜川,109.06666666666668,35.08333333333333,lZvra
53948,陕西,蒲城,109.58333333333331,34.95,tOfoG
53949,陕西,澄城,109.91666666666666,35.18333333333333,QobKK
53950,陕西,合阳,110.15,35.233333333333334,GQDFM
53953,山西,乡宁,110.85,35.95,fwMED
53954,山西,稷山,110.96666666666668,35.61666666666666,FJUIg
53956,山西,万荣,110.83333333333331,35.400000000000006,lSPZr
53957,山西,河津,110.71666666666668,35.61666666666666,oblOm
53958,山西,临猗,110.78333333333332,35.16666666666667,hGfmL
53959,山西,运城,111.06666666666668,35.11666666666667,AupnI
53961,山西,曲沃,111.48333333333336,35.65,OYMED
53962,山西,翼城,111.7,35.73333333333333,VXrqE
53963,山西,侯马,111.36666666666666,35.65,ZGhqJ
53964,山西,新绛,111.21666666666664,35.61666666666666,wHrOw
53965,山西,绛县,111.56666666666668,35.51666666666667,JpoNT
53966,山西,浮山,111.83333333333331,35.98333333333334,MYXsS
53967,山西,闻喜,111.2,35.333333333333336,lWKfw
53968,山西,垣曲,111.66666666666669,35.28333333333334,HbPQe
53970,山西,沁水,112.2,35.7,hvopq
53972,河南,沁阳,112.9,35.050000000000004,OAiAk
53973,山西,高平,112.95,35.766666666666666,RJOci
53974,河南,淇县,114.23333333333332,35.61666666666666,TbHws
53975,山西,阳城,112.4,35.483333333333334,twIgf
53976,山西,晋城,112.86666666666666,35.49999999999999,VKljS
53978,河南,济源,112.63333333333333,35.08333333333333,TJdvk
53979,河南,博爱,113.08333333333331,35.150000000000006,DInuO
53980,河北,肥乡,114.8,36.55,JnWfX
53981,山西,陵川,113.26666666666668,35.78333333333333,EeGzR
53982,河南,焦作,113.26666666666668,35.233333333333334,ubXHV
53983,河南,封丘,114.41666666666669,35.03333333333334,OdLdM
53984,河南,修武,113.46666666666668,35.233333333333334,zOAjR
53985,河南,辉县,113.81666666666666,35.49999999999999,cXwCS
53986,河南,新乡,113.88333333333334,35.31666666666666,VLpOH
53987,河南,武陟,113.35,35.1,koXUe
53988,河南,获嘉,113.66666666666669,35.26666666666666,ipyYK
53989,河南,原阳,113.98333333333332,35.08333333333333,ccwBF
53991,河南,汤阴,114.33333333333334,35.916666666666664,mBYhC
53992,河南,浚县,114.51666666666668,35.65,mlucC
53993,河南,内黄,114.91666666666666,35.93333333333334,XHxri
53994,河南,卫辉,114.06666666666668,35.383333333333326,JrcpD
53995,河南,滑县,114.5,35.55,RMGln
53996,河北,成安,114.65,36.45,HMSVy
53997,河南,延津,114.18333333333334,35.150000000000006,sthkk
53998,河南,长垣,114.65,35.2,tvhjZ
54024,内蒙古,富河,119.3,44.45,icsSH
54027,内蒙古,巴林左旗,119.4,43.98333333333334,ekOdZ
54031,内蒙古,高力板,121.81666666666666,44.9,KgMGe
54039,内蒙古,舍伯吐,122.01666666666668,44.03333333333334,EMAsi
54041,吉林,通榆,123.06666666666668,44.8,cdzFO
54047,内蒙古,科左中旗,123.28333333333332,44.13333333333333,ZBZEe
54049,吉林,长岭,123.96666666666668,44.25,oLJTA
54063,吉林,扶余,126.0,44.96666666666666,PHfqQ
54064,吉林,农安,125.15,44.383333333333326,wTAnf
54065,吉林,德惠,125.65,44.53333333333333,biKXr
54069,吉林,九台,125.8,44.11666666666667,NSawy
54072,吉林,榆树,126.51666666666668,44.85,pOntg
54076,吉林,舒兰,126.93333333333334,44.383333333333326,vGcsn
54080,黑龙江,五常,127.15,44.9,wDTbt
54092,黑龙江,海林,129.4,44.6,mbyFX
54093,黑龙江,穆棱,130.55,44.93333333333334,ztosr
54094,黑龙江,牡丹江,129.66666666666669,44.49999999999999,WhkSY
54096,黑龙江,绥芬河,131.16666666666666,44.383333333333326,PtgOS
54098,黑龙江,宁安,129.46666666666667,44.333333333333336,ieErV
54099,黑龙江,东宁,131.13333333333335,44.08333333333333,tALrP
54102,内蒙古,锡林浩特,116.11666666666666,43.95,ipFRY
54113,内蒙古,巴林右旗,118.65,43.53333333333333,tUiFh
54117,内蒙古,克什克腾旗,117.53333333333332,43.25,bZqhw
54122,内蒙古,阿鲁科尔沁旗,120.03333333333332,43.866666666666674,FQZtL
54132,内蒙古,青龙山,121.06666666666668,42.400000000000006,dKioY
54134,内蒙古,开鲁,121.28333333333332,43.6,EXBSC
54135,内蒙古,通辽,122.26666666666668,43.6,LUAqU
54142,吉林,双辽,123.53333333333332,43.49999999999999,ZAyGR
54154,吉林,梨树,124.3,43.35,rtLqz
54157,吉林,四平,124.38333333333334,43.11666666666667,UIlgs
54161,吉林,长春,125.21666666666664,43.9,mxFBj
54164,吉林,伊通,125.28333333333332,43.35,HHeks
54165,吉林,双阳,125.63333333333333,43.55,DPsgS
54171,吉林,永吉,126.51666666666668,43.7,ysQUB
54172,吉林,吉林城郊,126.53333333333332,43.866666666666674,bQxQX
54181,吉林,蛟河,127.33333333333334,43.7,BneiY
54186,吉林,敦化,128.20000000000002,43.36666666666667,ZgUQB
54187,吉林,安图,128.91666666666669,43.11666666666667,sKOvI
54195,吉林,汪清,129.78333333333333,43.3,DuMLb
54204,内蒙古,正镶白旗,115.0,42.3,LxGsx
54205,内蒙古,正蓝旗,116.0,42.23333333333333,cxbVU
54213,内蒙古,翁牛特旗,119.01666666666668,42.93333333333334,GVRzp
54214,内蒙古,岗子,118.41666666666669,42.583333333333336,pGWDF
54218,内蒙古,赤峰,118.83333333333331,42.3,yiSxk
54225,内蒙古,敖汉旗,119.95,42.3,luTCQ
54226,内蒙古,宝国吐,120.7,42.333333333333336,QUgIO
54231,内蒙古,科左后旗,122.36666666666666,42.91666666666666,dYsXY
54236,辽宁,彰武,122.55,42.383333333333326,NfXsS
54243,辽宁,昌图,124.1,42.78333333333333,BZlSQ
54244,辽宁,康平,123.35,42.73333333333333,BNXKe
54245,辽宁,法库,123.4,42.49999999999999,qNemb
54249,辽宁,铁岭,123.86666666666666,42.3,WDQHL
54252,辽宁,西丰,124.73333333333332,42.73333333333333,arJtC
54254,辽宁,开原,124.05,42.53333333333333,TlVpC
54259,辽宁,清原,124.86666666666666,42.06666666666666,TAkZv
54260,吉林,辽源,125.08333333333331,42.91666666666666,pSYcD
54261,吉林,东丰,125.46666666666668,42.66666666666666,yGbVo
54263,吉林,磐石,126.08333333333331,42.96666666666666,vIHTg
54266,吉林,梅河口,125.63333333333333,42.53333333333333,aEizR
54267,吉林,柳河,125.73333333333332,42.25,nBBbT
54273,吉林,桦甸,126.75,42.98333333333334,Eanln
54274,吉林,辉南,125.98333333333332,42.68333333333333,pzlTe
54276,吉林,靖宇,126.8,42.400000000000006,MZJvo
54284,吉林,东岗,127.5,42.150000000000006,VVKCO
54285,吉林,二道,128.11666666666665,42.400000000000006,jeQFa
54286,吉林,和龙,129.0,42.53333333333333,VEYqP
54290,吉林,龙井,129.4,42.766666666666666,YIufU
54291,吉林,珲春,130.2833333333333,42.9,svLkX
54292,吉林,延吉,129.50000000000003,42.866666666666674,SgNIn
54293,吉林,图们,129.83333333333334,42.95,hulhW
54301,河北,沽源,115.65,41.66666666666666,bsXrE
54304,河北,崇礼,115.26666666666668,40.95,pOnxu
54305,内蒙古,太仆寺旗,115.26666666666668,41.88333333333333,ckJon
54308,河北,丰宁,116.63333333333333,41.2,MnxTS
54311,河北,围场,117.76666666666664,41.96666666666666,hbBle
54313,内蒙古,喀喇沁旗,118.7,41.93333333333334,FDRnn
54316,内蒙古,八里罕,118.75,41.51666666666667,ATOFT
54318,河北,隆化,117.73333333333332,41.31666666666666,KkHVu
54319,河北,平泉,118.66666666666669,41.0,rhIky
54323,辽宁,北票,120.78333333333332,41.81666666666667,UkMeR
54324,辽宁,朝阳,120.43333333333334,41.55,SSCPq
54433,北京,朝阳,116.5,39.95,MjXfi
54327,辽宁,凌源,119.38333333333334,41.25,fSStg
54328,辽宁,喀左,119.76666666666664,41.11666666666667,syxYZ
54332,辽宁,辽中,122.7,41.51666666666667,cssdK
54333,辽宁,新民,122.85,41.96666666666666,eIJxg
54336,辽宁,台安,122.43333333333334,41.41666666666666,pLCPo
54338,辽宁,盘山,122.03333333333332,41.26666666666666,cXRsH
54339,辽宁,鞍山,123.0,41.08333333333333,TopGN
54342,辽宁,沈阳,123.51666666666668,41.73333333333333,xasvS
54345,辽宁,辽阳县,123.06666666666668,41.2,UGdju
54346,辽宁,本溪,123.78333333333332,41.3,fZXDt
54347,辽宁,辽阳,123.18333333333334,41.25,kgqfX
54348,辽宁,灯塔,123.36666666666666,41.41666666666666,rtLUT
54353,辽宁,新宾,125.03333333333332,41.71666666666667,CDFHM
54362,吉林,通化县,125.73333333333332,41.66666666666666,bVSUm
54363,吉林,通化,125.9,41.68333333333333,LaBrf
54371,吉林,白山,126.43333333333334,41.93333333333334,nFNOH
54374,吉林,临江,126.88333333333334,41.8,YSNnc
54377,吉林,集安,126.21666666666664,41.150000000000006,qTfcE
54386,吉林,长白,128.18333333333337,41.41666666666666,rZsMv
54398,北京,顺义,116.61666666666667,40.13333333333333,MKoqG
54399,北京,海淀,116.28333333333332,39.98333333333334,fElIR
54401,河北,张家口,114.91666666666666,40.766666666666666,AXmqR
54404,河北,赤城,115.83333333333331,40.88333333333333,yeGWo
54405,河北,怀来,115.5,40.41666666666666,TNNEz
54406,北京,延庆,115.96666666666668,40.45,FzrMk
54408,河北,涿鹿,115.21666666666664,40.383333333333326,oqgGH
54416,北京,密云,116.86666666666666,40.383333333333326,SlmGF
54419,北京,怀柔,116.63333333333333,40.36666666666667,zWIHa
54420,河北,滦平,117.33333333333334,40.93333333333334,gPeaq
54423,河北,承德,117.91666666666666,40.96666666666666,oWYwK
54424,北京,平谷,117.11666666666666,40.16666666666667,WKTDr
54425,河北,兴隆,117.46666666666668,40.400000000000006,qWokG
54428,天津,蓟州,117.45,40.05,eiGrT
54429,河北,遵化,117.95,40.2,Bcxig
54430,河北,承德县,118.21666666666664,40.78333333333333,WYnNt
54431,北京,通州,116.75,39.85,UXDVf
58268,江苏,通州,121.08333333333331,32.1,EvnXS
54432,河北,宽城,118.46666666666668,40.61666666666666,aQZks
54434,河北,迁西,118.33333333333334,40.16666666666667,qvzeN
54436,河北,青龙,118.95,40.41666666666666,DlwUH
54437,河北,滦南,118.61666666666667,39.49999999999999,RlsNU
54438,河北,卢龙,118.88333333333334,39.88333333333333,uszcX
54439,河北,迁安,118.71666666666668,40.016666666666666,qUXcf
54449,河北,秦皇岛,119.51666666666668,39.85,SBrmr
54452,辽宁,建昌,119.8,40.8,gkBIR
54453,辽宁,连山区,120.96666666666668,40.866666666666674,Qiolo
54454,辽宁,绥中,120.3,40.333333333333336,YFjmk
54455,辽宁,兴城,120.65,40.61666666666666,YItXH
54470,辽宁,大洼,122.05,41.016666666666666,bHIoG
54471,辽宁,营口,122.16666666666666,40.66666666666666,veIOe
54474,辽宁,盖州,122.35,40.41666666666666,iTeZl
54475,辽宁,大石桥,122.45,40.56666666666667,oCPAd
54476,辽宁,熊岳,122.15,40.18333333333333,ntTRe
54486,辽宁,岫岩,123.28333333333332,40.333333333333336,FzPMK
54493,辽宁,宽甸,124.78333333333332,40.71666666666667,NevSD
54494,辽宁,凤城,124.05,40.46666666666667,ORxzx
54497,辽宁,丹东,124.33333333333334,40.03333333333334,DlvsN
54499,北京,昌平,116.21666666666664,40.21666666666667,niStC
54502,河北,涿州,116.03333333333332,39.48333333333333,BGCup
54503,河北,容城,115.81666666666666,39.06666666666666,iqimR
54505,北京,门头沟,116.15,39.88333333333333,MNFUM
54506,河北,高碑店,115.95,39.31666666666666,nSuxQ
54507,河北,易县,115.51666666666668,39.333333333333336,mnilQ
54510,河北,大厂,116.95,39.91666666666666,VzbqG
54511,北京,北京,116.46666666666668,39.8,Wqsps
54512,河北,固安,116.28333333333332,39.41666666666666,RSzaV
54513,北京,石景山,116.2,39.95,TKDWT
54514,北京,丰台,116.25,39.866666666666674,WgwUa
54515,河北,廊坊,116.7,39.49999999999999,gXmTp
54518,河北,霸州,116.4,39.16666666666667,kgrJx
54519,河北,永清,116.48333333333336,39.3,DaCoA
54520,河北,三河,117.08333333333331,39.96666666666666,qSdEK
54521,河北,香河,116.98333333333332,39.7,xWfUk
54522,河北,玉田,117.73333333333332,39.88333333333333,SHtYc
54523,天津,武清,117.06666666666668,39.43333333333333,AAHhS
54525,天津,宝坻,117.28333333333332,39.73333333333333,gxHKu
54526,天津,东丽,117.33333333333334,39.08333333333333,GiGuJ
54527,天津,西青,117.05,39.08333333333333,rerpc
54528,天津,北辰,117.13333333333333,39.23333333333333,FeuUa
54529,天津,宁河,117.81666666666666,39.35,mfQUa
54532,河北,丰润,118.08333333333331,39.8,Aaghn
54533,河北,丰南,118.1,39.583333333333336,dLkgL
54534,河北,唐山,118.1,39.65,aCRJR
54535,河北,曹妃甸,118.46666666666668,39.28333333333334,wrjjn
54539,河北,乐亭,118.88333333333334,39.43333333333333,BygfA
54541,河北,抚宁,119.23333333333332,39.9,TAGXi
54563,辽宁,瓦房店,122.01666666666668,39.63333333333334,IxHPA
54568,辽宁,金州,121.75,39.06666666666666,ztLuW
54569,辽宁,普兰店,121.95,39.41666666666666,PPJcn
54579,辽宁,长海,122.58333333333331,39.26666666666666,KKlGS
54584,辽宁,庄河,122.95,39.71666666666667,RByQD
54590,辽宁,东港,124.15,39.91666666666666,TDsJF
54594,北京,大兴,116.35,39.71666666666667,iEilj
54596,北京,房山,116.2,39.766666666666666,sNifH
54601,河北,徐水,115.65,38.98333333333334,VNsra
54602,河北,保定,115.48333333333336,38.73333333333333,FaykR
54603,河北,高阳,115.76666666666664,38.71666666666667,QIPjL
54604,河北,安国,115.33333333333334,38.41666666666666,vceHS
54605,河北,安新,115.93333333333334,38.93333333333334,UujiJ
54606,河北,饶阳,115.75,38.21666666666667,VyOJb
54607,河北,望都,115.11666666666666,38.7,uvaeY
54608,河北,深州,115.55,38.0,upNrO
54609,河北,安平,115.58333333333331,38.23333333333333,yeGPa
54610,河北,任丘,116.1,38.73333333333333,nBdMW
54611,河北,满城,115.31666666666666,38.93333333333334,zHLty
54612,河北,文安,116.45,38.85,TKCta
54613,河北,大城,116.61666666666667,38.7,qitbz
54614,河北,河间,116.05,38.41666666666666,pWduF
54615,河北,青县,116.85,38.583333333333336,tspDy
54616,河北,沧州,116.85,38.35,mHkdW
54617,河北,献县,116.16666666666666,38.2,KCdLb
54618,河北,泊头,116.55,38.08333333333333,pSXjM
54619,天津,静海,116.91666666666666,38.91666666666666,RvNCI
54620,河北,蠡县,115.56666666666668,38.48333333333333,yYUQU
54621,河北,深泽,115.18333333333334,38.18333333333333,vGtXb
54622,天津,津南,117.36666666666666,38.98333333333334,luSKF
54623,天津,塘沽,117.71666666666668,39.05,KKlDi
54626,河北,肃宁,115.81666666666666,38.41666666666666,gZrxg
54627,河北,盐山,117.23333333333332,38.03333333333334,lqiAy
54628,河北,海兴,117.48333333333336,38.150000000000006,kqMHD
54631,河北,广宗,115.15,37.06666666666666,mKRmY
54632,河北,平乡,115.03333333333332,37.06666666666666,cOXrB
54633,河北,新河,115.26666666666668,37.49999999999999,YGLDG
54636,河北,雄县,116.11666666666666,39.016666666666666,FTACx
54640,河北,鸡泽,114.86666666666666,36.91666666666666,AGkyS
54644,河北,孟村,117.11666666666666,38.05,gKfij
54662,辽宁,大连,121.63333333333333,38.9,nGPyb
54700,河北,武强,115.93333333333334,38.03333333333334,KZDpU
54701,河北,辛集,115.2,37.93333333333334,HdwIC
54702,河北,衡水,115.7,37.73333333333333,Jiheq
54703,河北,武邑,115.88333333333334,37.8,NiqiA
54704,河北,冀州,115.56666666666668,37.51666666666667,qllqX
54705,河北,南宫,115.38333333333334,37.36666666666667,QDdHX
54706,河北,清河,115.66666666666669,37.08333333333333,zUBhk
54707,河北,故城,115.98333333333332,37.35,eRflS
54708,河北,枣强,115.73333333333332,37.49999999999999,PZHKx
54709,山东,武城,116.06666666666668,37.23333333333333,tUgxh
54710,河北,阜城,116.16666666666666,37.866666666666674,lOwCw
54711,河北,景县,116.28333333333332,37.7,gMmSA
54712,山东,临邑,116.81666666666666,37.2,OAUlG
54713,河北,东光,116.53333333333332,37.88333333333333,BRTol
54714,山东,德州,116.33333333333334,37.45,polCM
54715,山东,陵城,116.51666666666668,37.31666666666666,egBEZ
54716,山东,宁津,116.8,37.66666666666666,jHmKo
54717,河北,吴桥,116.4,37.63333333333334,MHgRX
54719,河北,南皮,116.68333333333332,38.03333333333334,EtUJU
54722,山东,无棣,117.63333333333333,37.75000000000001,AJubD
54723,山东,阳信,117.56666666666668,37.65,TkSAp
54724,山东,商河,117.13333333333333,37.31666666666666,lirNX
54725,山东,惠民,117.53333333333332,37.49999999999999,jiJzG
54726,山东,乐陵,117.18333333333334,37.7,HwJwn
54727,山东,章丘,117.55,36.68333333333333,vnSqi
54728,山东,庆云,117.35,37.766666666666666,UhSnJ
54729,山东,高青,117.86666666666666,37.16666666666667,rOruH
54734,山东,滨州,118.0,37.35,penbZ
54736,山东,东营,118.66666666666669,37.43333333333333,CHtLx
54744,山东,垦利,118.55,37.583333333333336,JdGrX
54749,山东,莱州,119.95,37.18333333333333,CxoVZ
54751,山东,长岛,120.73333333333332,37.93333333333334,OxxPJ
54752,山东,蓬莱,120.76666666666664,37.8,olEzI
54753,山东,龙口,120.33333333333334,37.63333333333334,hzXej
54755,山东,招远,120.38333333333334,37.333333333333336,xwQxT
54759,山东,栖霞,120.85,37.31666666666666,OXjTR
54764,山东,福山,121.23333333333332,37.48333333333333,xRWQS
54765,山东,烟台,121.43333333333334,37.48333333333333,qRqdU
54776,山东,成山头,122.7,37.400000000000006,oFjTZ
54777,山东,文登,122.06666666666668,37.2,hfNKh
54800,河北,威县,115.25,37.0,LzLae
54801,河北,临西,115.48333333333336,36.85,quDcn
54802,山东,临清,115.73333333333332,36.81666666666667,TZrqQ
54804,河北,大名,115.18333333333334,36.3,ylLRu
54806,山东,聊城,115.96666666666668,36.41666666666666,XXeBL
54807,山东,阳谷,115.76666666666664,36.150000000000006,QlEwu
54808,山东,莘县,115.63333333333333,36.23333333333333,WsywS
54809,河北,馆陶,115.28333333333332,36.55,cAOkd
54812,山东,齐河,116.71666666666668,36.73333333333333,nejXA
54814,山东,茌平,116.25,36.53333333333333,JuJJS
54815,山东,东阿,116.26666666666668,36.383333333333326,LGYXk
54816,山东,长清,116.8,36.51666666666667,wpvMw
54817,河南,台前,115.86666666666666,35.98333333333334,gpsQp
54818,山东,平阴,116.41666666666669,36.25,CGpgS
54819,山东,肥城,116.8,36.18333333333333,totaD
54820,河北,邱县,115.2,36.81666666666667,uEdAG
54821,山东,济阳,117.2,37.0,pGgRb
54822,山东,邹平,117.73333333333332,36.866666666666674,CjTiK
54823,山东,济南,117.0,36.6,VITKz
54824,山东,淄川,117.95,36.63333333333334,kigWn
54825,山东,博山,117.85,36.51666666666667,cXuJU
54827,山东,泰安,117.15,36.16666666666667,zUeIF
54828,山东,莱芜,117.68333333333332,36.23333333333333,KNtvj
54829,山东,周村,117.86666666666666,36.766666666666666,yuEhv
54830,山东,淄博,117.93333333333334,36.81666666666667,BGfNv
54831,山东,青州,118.5,36.65,OxxJw
54832,山东,寿光,118.8,36.866666666666674,QaFTJ
54833,山东,桓台,118.08333333333331,36.96666666666666,dZBBz
54834,山东,临淄,118.28333333333332,36.866666666666674,EfLlJ
54835,山东,临朐,118.56666666666668,36.46666666666667,jUPiO
54836,山东,沂源,118.16666666666666,36.18333333333333,EOZlC
54837,山东,昌乐,118.83333333333331,36.68333333333333,HyQcY
54841,山东,昌邑,119.41666666666669,36.866666666666674,RbeQd
54842,山东,平度,120.0,36.78333333333333,LNoOo
54843,山东,潍坊,119.2,36.75000000000001,hQrpa
54844,山东,安丘,119.18333333333334,36.41666666666666,pBWdT
54846,山东,高密,119.73333333333332,36.383333333333326,UOmID
54848,山东,诸城,119.41666666666669,35.98333333333334,QOccb
54849,山东,胶州,120.03333333333332,36.21666666666667,QZdFI
54851,山东,莱西,120.56666666666668,36.9,TFySn
54852,山东,莱阳,120.73333333333332,36.96666666666666,qTVLu
54853,山东,崂山,120.51666666666668,36.13333333333333,KtsaK
54855,山东,即墨,120.38333333333334,36.400000000000006,qtBFp
54857,山东,青岛,120.33333333333334,36.06666666666666,Jrsbf
54861,山东,乳山,121.53333333333332,36.93333333333334,yTEhW
54863,山东,海阳,121.18333333333334,36.78333333333333,JnxWr
54871,山东,石岛,122.48333333333336,36.93333333333334,tQKIy
54900,河南,濮阳,115.01666666666668,35.7,XbbBI
54901,河南,南乐,115.16666666666666,36.08333333333333,iJyTs
54902,河南,清丰,115.15,35.95,pRxQj
54903,河南,范县,115.48333333333336,35.849999999999994,pGxSD
54904,山东,鄄城,115.51666666666668,35.583333333333336,XjGVI
54905,山东,郓城,115.93333333333334,35.583333333333336,tisSF
54906,山东,菏泽,115.41666666666669,35.25,MGAnB
54907,山东,鱼台,116.65,34.98333333333334,OSlCB
54908,山东,东明,115.1,35.26666666666666,bxfmq
54909,山东,定陶,115.51666666666668,35.08333333333333,lvUtm
54910,山东,梁山,116.05,35.81666666666667,XjiXe
54911,山东,东平,116.4,35.93333333333334,RjKIP
54912,山东,汶上,116.5,35.766666666666666,bkOgY
54913,山东,宁阳,116.81666666666666,35.75000000000001,XwLyl
54914,山东,巨野,116.08333333333331,35.416666666666664,vcePU
54915,山东,济宁,116.6,35.43333333333333,Jmcsg
54916,山东,兖州,116.85,35.56666666666667,MCzGo
54917,山东,金乡,116.33333333333334,35.13333333333333,yMtZS
54918,山东,曲阜,116.96666666666668,35.6,IzpcI
54919,山东,邹城,116.98333333333332,35.383333333333326,oOSNx
54920,山东,泗水,117.28333333333332,35.65,hCYEk
54921,山东,嘉祥,116.33333333333334,35.416666666666664,QeBBO
54922,山东,新泰,117.75,35.866666666666674,iTSlT
54923,山东,蒙阴,117.93333333333334,35.71666666666667,FEzHg
54925,山东,平邑,117.68333333333332,35.49999999999999,WxWXe
54927,山东,滕州,117.2,35.1,rTNhe
54929,山东,费县,117.96666666666668,35.26666666666666,lIbva
54932,山东,沂水,118.65,35.766666666666666,mxDTK
54935,山东,沂南,118.43333333333334,35.53333333333333,zlfuA
54936,山东,莒县,118.83333333333331,35.56666666666667,qovBP
54938,山东,临沂,118.41666666666669,35.25,aGpFP
54939,山东,莒南,118.81666666666666,35.16666666666667,Daeda
54940,山东,五莲,119.2,35.75000000000001,xpnot
54943,山东,黄岛,120.0,35.88333333333333,KlJLj
54945,山东,日照,119.55,35.46666666666667,GoJQw
55228,西藏,狮泉河,80.08333333333333,32.49999999999999,vhADj
55248,西藏,改则,84.41666666666667,32.150000000000006,UYYNe
55299,西藏,那曲,92.06666666666668,31.48333333333333,aDeyn
55437,西藏,普兰,81.25000000000001,30.28333333333333,gHMZS
55493,西藏,当雄,91.1,30.48333333333333,fXROy
55569,西藏,拉孜,87.6,29.083333333333336,PXSQe
55572,西藏,南木林,89.10000000000001,29.683333333333334,PTWfQ
55593,西藏,墨竹工卡,91.73333333333332,29.85,aqFzl
55597,西藏,琼结,91.68333333333332,29.03333333333333,QIcAs
55598,西藏,泽当,91.76666666666664,29.266666666666666,BiGFZ
55655,西藏,聂拉木,85.96666666666667,28.183333333333334,Gnhsh
55664,西藏,定日,87.08333333333333,28.633333333333333,RyXCB
55680,西藏,江孜,89.6,28.916666666666668,QDuTR
56016,青海,治多,95.61666666666667,33.849999999999994,tlZCx
56018,青海,杂多,95.28333333333332,32.88333333333333,DQDqH
56021,青海,曲麻莱,95.8,34.11666666666667,hbAvz
56029,青海,玉树,96.96666666666668,33.0,MDlNL
56033,青海,玛多,98.21666666666664,34.916666666666664,UbRfU
56034,青海,清水河,97.13333333333333,33.8,kdzjw
56038,四川,石渠,98.1,32.98333333333334,ylJwh
56043,青海,玛沁,100.23333333333332,34.483333333333334,hHWpg
56045,青海,甘德,99.9,33.96666666666666,dyLzr
56046,青海,达日,99.65,33.75000000000001,zhIdf
56067,青海,久治,101.48333333333336,33.43333333333333,VlYyh
56071,甘肃,碌曲,102.5,34.6,sUmbw
56074,甘肃,玛曲,102.08333333333331,34.0,CouTD
56079,四川,若尔盖,102.96666666666668,33.583333333333336,PwnmG
56080,甘肃,合作,102.9,35.0,eLDNl
56081,甘肃,临潭,103.35,34.7,mRFLX
56082,甘肃,卓尼,103.5,34.583333333333336,SSAdx
56084,甘肃,迭部,103.23333333333332,34.06666666666666,ieEXg
56091,甘肃,漳县,104.46666666666668,34.849999999999994,oMLOo
56092,甘肃,陇西,104.65,35.0,IcnHv
56093,甘肃,岷县,104.01666666666668,34.43333333333333,KKIqy
56094,甘肃,舟曲,104.36666666666666,33.78333333333333,vfKZw
56095,甘肃,宕昌,104.38333333333334,34.03333333333334,HoerP
56096,甘肃,武都,104.91666666666666,33.400000000000006,MyfIx
56097,四川,九寨沟,104.25,33.26666666666666,YZuzT
56116,西藏,丁青,95.6,31.416666666666668,pwraz
56125,青海,囊谦,96.46666666666668,32.2,pcEfr
56128,西藏,类乌齐,96.6,31.216666666666665,cnvAw
56137,西藏,昌都,97.16666666666666,31.15,FKHOa
56144,四川,德格,98.58333333333331,31.8,BLtuX
56146,四川,甘孜,100.0,31.616666666666667,EvJZp
56147,四川,白玉,98.83333333333331,31.216666666666665,BSGFT
56151,青海,班玛,100.75,32.93333333333334,PTXCN
56152,四川,色达,100.33333333333334,32.28333333333334,jWXIj
56158,四川,炉霍,100.66666666666669,31.4,wazHg
56164,四川,壤塘,100.96666666666668,32.26666666666666,zXmXb
56167,四川,道孚,101.11666666666666,30.98333333333333,ISnyf
56168,四川,金川,102.06666666666668,31.48333333333333,ngpCL
56171,四川,阿坝,101.7,32.9,ujnor
56172,四川,马尔康,102.23333333333332,31.9,FNPwO
56173,四川,红原,102.55,32.8,sCzWb
56178,四川,小金,102.35,31.0,ofevQ
56180,四川,茂县,103.85,31.683333333333334,TgyZk
56181,四川,崇州,103.7,30.683333333333334,VPihc
56182,四川,松潘,103.6,32.666666666666664,niBgS
56183,四川,汶川,103.61666666666667,31.5,TSnaG
56184,四川,理县,103.16666666666666,31.433333333333337,xYIdl
56185,四川,黑水,102.98333333333332,32.08333333333333,laiax
56186,四川,绵竹,104.2,31.33333333333333,YxJmk
56187,四川,温江,103.86666666666666,30.75,xrRlZ
56188,四川,都江堰,103.66666666666669,31.0,GrSbA
56189,四川,彭州,103.93333333333334,30.98333333333333,KKktC
56192,甘肃,文县,104.66666666666669,32.95,bPRTE
56197,四川,什邡,104.16666666666666,31.15,AKEUu
56199,四川,中江,104.68333333333332,31.03333333333333,QjPxI
56223,西藏,洛隆,95.83333333333331,30.75,nIxnv
56227,西藏,波密,95.76666666666664,29.866666666666667,nAOVR
56228,西藏,八宿,96.91666666666666,30.05,TePqj
56247,四川,巴塘,99.1,30.0,QYPTJ
56251,四川,新龙,100.31666666666666,30.93333333333333,wbJUU
56257,四川,理塘,100.26666666666668,30.0,AJBNE
56263,四川,丹巴,101.88333333333334,30.883333333333336,TgXGK
56267,四川,雅江,101.01666666666668,30.03333333333333,ifYYN
56273,四川,宝兴,102.81666666666666,30.383333333333333,fbWMU
56276,四川,新津,103.81666666666666,30.45,NZCjp
56278,四川,天全,102.76666666666664,30.066666666666663,hcVXJ
56279,四川,芦山,102.95,30.166666666666668,LiKdk
56280,四川,名山,103.11666666666666,30.083333333333336,FdPbr
56281,四川,蒲江,103.5,30.183333333333334,VpUpp
56284,四川,邛崃,103.43333333333334,30.45,EVoup
56285,四川,大邑,103.46666666666668,30.566666666666663,HUYio
56286,四川,龙泉驿,104.26666666666668,30.616666666666667,mqsMW
56288,四川,双流,103.91666666666666,30.583333333333336,grFhZ
56289,四川,彭山,103.86666666666666,30.200000000000003,sMDUa
56290,四川,新都,104.18333333333334,30.78333333333333,XxQIS
56296,四川,金堂,104.43333333333334,30.816666666666663,udKik
56297,四川,仁寿,104.15,30.01666666666667,PEnFX
56298,四川,资阳,104.6,30.13333333333333,AVVPj
56312,西藏,林芝,94.33333333333334,29.666666666666664,ulvCs
56317,西藏,米林,94.21666666666664,29.216666666666665,eQtyv
56331,西藏,左贡,97.83333333333331,29.666666666666664,zGZrq
56357,四川,稻城,100.3,29.05,Cirzd
56371,四川,泸定,102.21666666666664,29.883333333333336,wipjP
56373,四川,荥经,102.85,29.78333333333333,PQOEg
56374,四川,康定,101.96666666666668,30.05,qsqTU
56376,四川,汉源,102.63333333333333,29.33333333333333,fCUHs
56378,四川,石棉,102.35,29.23333333333333,wbIrX
56380,四川,洪雅,103.35,29.883333333333336,xWemk
56381,四川,丹棱,103.5,30.066666666666663,TEect
56382,四川,夹江,103.55,29.75,XgNyH
56383,四川,青神,103.86666666666666,29.83333333333333,eUOGX
56384,四川,峨眉,103.48333333333336,29.6,EuzbB
56385,四川,峨眉山,103.33333333333334,29.516666666666666,JKQBL
56386,四川,乐山,103.75,29.566666666666663,YuAXe
56387,四川,峨边,103.26666666666668,29.23333333333333,SlKXy
56389,四川,犍为,103.95,29.200000000000003,LxiRJ
56390,四川,井研,104.06666666666668,29.666666666666664,XkJdi
56391,四川,眉山,103.81666666666666,30.083333333333336,zkdYW
56393,四川,资中,104.85,29.76666666666667,Ctawc
56394,四川,荣县,104.43333333333334,29.45,JizVy
56395,四川,威远,104.66666666666669,29.516666666666666,YCPlK
56396,四川,自贡,104.76666666666664,29.35,MIIAp
56399,四川,富顺,104.98333333333332,29.183333333333334,bmhEc
56434,西藏,察隅,97.46666666666668,28.666666666666664,ATOlN
56441,四川,得荣,99.28333333333332,28.716666666666665,gPeiI
56443,四川,乡城,99.8,28.93333333333333,ccAzh
56444,云南,德钦,98.91666666666666,28.48333333333333,eOoXM
56459,四川,木里,101.26666666666668,27.93333333333333,bmyFo
56462,四川,九龙,101.5,29.0,xXGPT
56473,四川,甘洛,102.76666666666664,28.95,sXvuQ
56474,四川,冕宁,102.16666666666666,28.55,tGNAv
56475,四川,越西,102.51666666666668,28.65,mfrlx
56478,四川,喜德,102.43333333333334,28.3,eMFmS
56479,四川,昭觉,102.85,28.0,keZZE
56480,四川,马边,103.53333333333332,28.816666666666663,qoufd
56483,云南,绥江,103.95,28.583333333333336,JiGSi
56485,四川,雷波,103.58333333333331,28.266666666666666,UtzFE
56487,四川,美姑,103.13333333333333,28.33333333333333,CqHKW
56489,云南,永善,103.61666666666667,28.23333333333333,PhcCu
56490,四川,沐川,103.9,28.95,SHcpz
56492,四川,宜宾,104.6,28.8,wfNOD
56493,四川,南溪,104.96666666666668,28.85,VNdMl
56494,四川,屏山,104.33333333333334,28.83333333333333,AVDkL
56496,四川,兴文,105.23333333333332,28.3,ETYKD
56497,云南,盐津,104.23333333333332,28.1,TJcpS
56498,四川,筠连,104.5,28.15,mfPnS
56499,四川,珙县,104.78333333333332,28.383333333333333,ptXbB
56533,云南,贡山,98.66666666666669,27.75,EIXjp
56543,云南,香格里拉,99.75,27.85,GtYml
56548,云南,维西,99.28333333333332,27.166666666666668,sTINS
56565,四川,盐源,101.48333333333336,27.433333333333337,eXzMT
56567,云南,宁蒗,100.85,27.25,PtTbw
56569,四川,德昌,102.18333333333334,27.416666666666668,QVWfY
56571,四川,西昌,102.26666666666668,27.9,Whzpi
56575,四川,普格,102.55,27.366666666666664,uERMU
56578,四川,宁南,102.75,27.066666666666663,CGouW
56580,四川,布拖,102.8,27.716666666666665,rlCwh
56582,云南,大关,103.9,27.75,sIkPn
56584,四川,金阳,103.25,27.700000000000003,kJJlc
56585,云南,鲁甸,103.55,27.200000000000003,SCUAp
56586,云南,昭通,103.71666666666668,27.35,CMqgr
56592,四川,高县,104.51666666666668,28.433333333333337,ChpSp
56593,四川,长宁,104.91666666666666,28.583333333333336,CXrGz
56594,云南,彝良,104.06666666666668,27.633333333333333,ifitb
56595,云南,镇雄,104.86666666666666,27.416666666666668,YcNIl
56596,云南,威信,105.05,27.85,msgsX
56598,贵州,赫章,104.73333333333332,27.13333333333333,CpxKp
56641,云南,福贡,98.86666666666666,26.9,ywnBK
56643,云南,六库,98.85,25.866666666666667,LIOMK
56645,云南,兰坪,99.41666666666669,26.416666666666668,zOAAs
56646,云南,剑川,99.91666666666666,26.53333333333333,btlSx
56649,云南,洱源,99.96666666666668,26.1,jfchA
56651,云南,丽江,100.21666666666664,26.85,AwEIF
56652,云南,永胜,100.75,26.683333333333334,rJRXL
56654,云南,鹤庆,100.18333333333334,26.583333333333336,Oepdl
56664,云南,华坪,101.26666666666668,26.633333333333333,isoyJ
56665,四川,盐边,101.85,26.683333333333334,BXVJQ
56666,四川,攀枝花,101.71666666666668,26.566666666666663,jrDgO
56669,云南,永仁,101.66666666666669,26.03333333333333,tUEbc
56670,四川,米易,102.11666666666666,26.916666666666668,GQBkM
56673,云南,巧家,102.91666666666666,26.916666666666668,vdyEU
56674,四川,仁和,101.73333333333332,26.5,gmXtJ
56675,四川,会东,102.58333333333331,26.65,QcLmg
56684,云南,会泽,103.25,26.4,NQkus
56688,云南,东川,103.16666666666666,26.1,UgaxN
56691,贵州,威宁,104.28333333333332,26.866666666666667,ZCKHS
56697,云南,宣威,104.08333333333331,26.216666666666665,kGSGu
56739,云南,腾冲,98.5,24.98333333333333,DrwgP
56742,云南,云龙,99.36666666666666,25.883333333333336,dJvmC
56745,云南,漾濞,99.95,25.683333333333334,YeTRa
56746,云南,永平,99.51666666666668,25.46666666666667,LwDNZ
56748,云南,保山,99.18333333333334,25.116666666666667,DQgGy
56751,云南,大理,100.18333333333334,25.700000000000003,MXvqt
56752,云南,宾川,100.56666666666668,25.83333333333333,AQzCk
56755,云南,弥渡,100.4,25.383333333333333,saNmx
56757,云南,巍山,100.28333333333332,25.266666666666666,usiSp
56761,云南,大姚,101.31666666666666,25.716666666666665,adcMw
56764,云南,姚安,101.23333333333332,25.53333333333333,mcYHb
56766,云南,牟定,101.51666666666668,25.3,BQsYp
56767,云南,南华,101.26666666666668,25.200000000000003,tJxiW
56772,云南,富民,102.5,25.23333333333333,NYtMq
56774,云南,武定,102.25,25.31666666666667,HvkQI
56777,云南,禄丰,102.1,25.116666666666667,TjOgz
56778,云南,昆明,102.65,25.0,IayMy
56782,云南,马龙,103.55,25.416666666666668,fyDAe
56783,云南,曲靖,103.8,25.5,rYbQI
56785,云南,嵩明,103.08333333333331,25.35,UYJan
56790,云南,富源,104.25,25.683333333333334,BrRuR
56792,贵州,普安,104.96666666666668,25.78333333333333,RYLXT
56835,云南,陇川,97.78333333333332,24.166666666666668,IPydV
56836,云南,盈江,97.95,24.700000000000003,NzuxE
56839,云南,镇康,98.81666666666666,23.76666666666667,ZFgiT
56841,云南,龙陵,98.68333333333332,24.6,ZVCsS
56842,云南,施甸,99.18333333333334,24.73333333333333,qlNLn
56843,云南,昌宁,99.61666666666667,24.83333333333333,oNSGZ
56844,云南,芒市,98.58333333333331,24.433333333333337,Wjrex
56846,云南,凤庆,99.93333333333334,24.583333333333336,wpVlw
56849,云南,永德,99.23333333333332,24.03333333333333,cLAuy
56851,云南,南涧,100.51666666666668,25.03333333333333,LOAhC
56854,云南,云县,100.13333333333333,24.45,DIrSp
56856,云南,景东,100.86666666666666,24.46666666666667,KrpXJ
56862,云南,双柏,101.6,24.683333333333334,dqXxh
56863,云南,安宁,102.5,24.916666666666668,bOAGp
56867,云南,镇沅,101.11666666666666,23.98333333333333,XcWKq
56869,云南,新平,101.96666666666668,24.066666666666663,vVaif
56870,云南,易门,102.18333333333334,24.65,Oqduj
56871,云南,晋宁,102.56666666666668,24.683333333333334,lMQXt
56873,云南,澄江,102.91666666666666,24.683333333333334,mNpXo
56875,云南,玉溪,102.55,24.33333333333333,eHman
56876,云南,江川,102.76666666666664,24.28333333333333,FvhhF
56878,云南,通海,102.75,24.13333333333333,YOFIz
56879,云南,华宁,102.91666666666666,24.183333333333334,cCkAx
56880,云南,宜良,103.16666666666666,24.916666666666668,iXuOK
56881,云南,石林,103.26666666666668,24.75,ZrWId
56882,云南,呈贡,102.81666666666666,24.9,cHXNh
56883,云南,师宗,103.98333333333332,24.816666666666663,WZsvt
56885,云南,弥勒,103.45,24.4,tdwdj
56886,云南,泸西,103.76666666666664,24.53333333333333,cJoUu
56889,云南,丘北,104.16666666666666,24.05,AFYaW
56891,云南,罗平,104.31666666666666,24.98333333333333,WMKmg
56898,云南,峨山,102.4,24.183333333333334,xvRTr
56944,云南,沧源,99.26666666666668,23.15,eKeha
56946,云南,耿马,99.4,23.55,ASpgY
56948,云南,西盟,99.6,22.633333333333333,dDUzR
56949,云南,孟连,99.6,22.31666666666667,oqzlP
56950,云南,双江,99.8,23.46666666666667,MBVyg
56951,云南,临沧,100.08333333333331,23.883333333333336,oiQQr
56952,云南,景谷,100.71666666666668,23.5,wGNvn
56954,云南,澜沧,99.93333333333334,22.566666666666663,sMzde
56958,云南,勐海,100.46666666666668,21.966666666666665,aqlUk
56962,云南,墨江,101.66666666666669,23.416666666666668,AOSYX
56964,云南,思茅,100.96666666666668,22.78333333333333,qpYuM
56966,云南,元江,101.98333333333332,23.6,noiqK
56969,云南,勐腊,101.56666666666668,21.46666666666667,sGhYv
56970,云南,石屏,102.48333333333336,23.700000000000003,aCCnk
56975,云南,红河,102.43333333333334,23.366666666666664,kLDAL
56976,云南,元阳,102.85,23.216666666666665,cXVUi
56977,云南,江城,101.85,22.583333333333336,yIZKB
56978,云南,绿春,102.41666666666669,23.0,ebFbI
56982,云南,开远,103.28333333333332,23.700000000000003,YdTJG
56984,云南,个旧,103.15,23.383333333333333,MZnfz
56987,云南,金平,103.23333333333332,22.78333333333333,bhlMI
56991,云南,砚山,104.33333333333334,23.616666666666667,rOuyU
56992,云南,西畴,104.7,23.45,KjiDB
56994,云南,文山,104.28333333333332,23.33333333333333,ZQEia
56995,云南,马关,104.41666666666669,23.03333333333333,jmZgg
57001,甘肃,甘谷,105.33333333333334,34.75000000000001,dUFbz
57002,甘肃,秦安,105.65,34.849999999999994,sSjzn
57003,陕西,陇县,106.83333333333331,34.9,fpJEY
57004,甘肃,武山,104.88333333333334,34.73333333333333,BjJyr
57006,甘肃,天水,105.75,34.56666666666667,tiBhu
57007,甘肃,礼县,105.18333333333334,34.18333333333333,pEuMT
57008,甘肃,西和,105.3,34.03333333333334,sqsLp
57011,甘肃,清水,106.15,34.75000000000001,RXjrm
57012,甘肃,张家川,106.2,34.98333333333334,IZvdZ
57014,甘肃,麦积,105.86666666666666,34.56666666666667,jbIhR
57016,陕西,宝鸡,107.13333333333333,34.35,jrjXm
57020,陕西,陈仓,107.4,34.36666666666667,XBggT
57021,陕西,千阳,107.13333333333333,34.65,lQoKf
57022,陕西,麟游,107.78333333333332,34.68333333333333,oxLal
57024,陕西,岐山,107.65,34.45,qmPpg
57025,陕西,凤翔,107.38333333333334,34.51666666666667,vNkSA
57026,陕西,扶风,107.88333333333334,34.36666666666667,tcQyi
57027,陕西,眉县,107.73333333333332,34.3,sczdz
57028,陕西,太白,107.31666666666666,34.03333333333334,IztCW
57029,陕西,礼泉,108.48333333333336,34.49999999999999,xZaaP
57030,陕西,永寿,108.15,34.7,MqOdV
57031,陕西,淳化,108.55,34.81666666666667,jeBQU
57033,陕西,泾阳,108.81666666666666,34.55,UuKku
57034,陕西,武功,108.23333333333332,34.31666666666666,dOgXs
57035,陕西,乾县,108.23333333333332,34.55,CqlHa
57037,陕西,耀州,108.98333333333332,34.93333333333334,tfmFL
57038,陕西,兴平,108.45,34.28333333333334,exydQ
57041,陕西,三原,108.91666666666666,34.63333333333334,ycvtU
57042,陕西,富平,109.18333333333334,34.78333333333333,BpoKt
57043,陕西,大荔,109.96666666666668,34.8,FvzNQ
57045,陕西,渭南,109.5,34.400000000000006,fXkRh
57046,陕西,华山,110.08333333333331,34.483333333333334,cKPRS
57048,陕西,秦都,108.71666666666668,34.400000000000006,IVixd
57051,河南,三门峡,111.2,34.8,TjcXC
57052,山西,永济,110.45,34.88333333333333,QGpNZ
57053,山西,芮城,110.71666666666668,34.7,reeTF
57054,陕西,潼关,110.23333333333332,34.55,ddBPj
57055,陕西,华阴,110.13333333333333,34.6,XMEaY
57056,河南,灵宝,110.85,34.53333333333333,mAGsj
57057,陕西,洛南,110.15,34.1,hmDhb
57060,山西,夏县,111.23333333333332,35.16666666666667,LetlZ
57061,山西,平陆,111.2,34.833333333333336,PFPpH
57063,河南,渑池,111.76666666666664,34.766666666666666,XfOYq
57066,河南,洛宁,111.66666666666669,34.400000000000006,HaOBO
57070,河南,新安,112.11666666666666,34.73333333333333,vMxzb
57071,河南,孟津,112.46666666666668,34.8,lIgVp
57072,河南,孟州,112.75,34.916666666666664,aeWfC
57074,河南,伊川,112.4,34.416666666666664,HbtHa
57075,河南,汝州,112.86666666666666,34.16666666666667,hIncZ
57076,河南,偃师,112.78333333333332,34.73333333333333,CwmVv
57078,河南,汝阳,112.46666666666668,34.150000000000006,onqmI
57079,河南,温县,113.03333333333332,34.95,xfBpE
57080,河南,巩义,112.96666666666668,34.73333333333333,yrsPS
57081,河南,荥阳,113.43333333333334,34.8,JAxZP
57082,河南,登封,113.01666666666668,34.46666666666667,QjeZO
57083,河南,郑州,113.65,34.71666666666667,YVItN
57085,河南,新密,113.33333333333334,34.53333333333333,LoaLx
57086,河南,新郑,113.71666666666668,34.383333333333326,kpoPZ
57087,河南,长葛,113.73333333333332,34.26666666666666,sHlBF
57088,河南,禹州,113.5,34.18333333333333,HFqwM
57089,河南,许昌,113.93333333333334,34.06666666666666,ZzMTA
57090,河南,中牟,113.96666666666668,34.71666666666667,KMtvV
57091,河南,开封,114.3,34.78333333333333,swtij
57093,河南,兰考,114.81666666666666,34.849999999999994,yCGbN
57094,河南,尉氏,114.21666666666664,34.400000000000006,VUIVN
57095,河南,鄢陵,114.15,34.11666666666667,NbMuX
57096,河南,杞县,114.78333333333332,34.53333333333333,tCUkl
57098,河南,扶沟,114.4,34.08333333333333,Emcgf
57099,河南,太康,114.85,34.06666666666666,zEzeT
57102,甘肃,成县,105.71666666666668,33.75000000000001,fKNTS
57105,甘肃,康县,105.6,33.333333333333336,plSyY
57106,陕西,略阳,106.15,33.31666666666666,tKMDB
57110,甘肃,徽县,106.08333333333331,33.78333333333333,GGjbv
57111,甘肃,两当,106.3,33.916666666666664,XmucV
57113,陕西,凤县,106.55,33.93333333333334,KZHTq
57119,陕西,勉县,106.7,33.16666666666667,ahPQB
57123,陕西,杨凌,108.06666666666668,34.28333333333334,EiWZj
57124,陕西,留坝,106.93333333333334,33.63333333333334,tejPC
57127,陕西,汉中,107.03333333333332,33.06666666666666,cASRq
57128,陕西,城固,107.33333333333334,33.16666666666667,aKKWU
57134,陕西,佛坪,107.98333333333332,33.51666666666667,nXDqS
57137,陕西,宁陕,108.31666666666666,33.31666666666666,XbvFE
57140,陕西,柞水,109.11666666666666,33.666666666666664,SifiE
57143,陕西,商州,109.96666666666668,33.866666666666674,bwUtG
57144,陕西,镇安,109.15,33.43333333333333,tXRiV
57153,陕西,丹凤,110.33333333333334,33.7,HrPSf
57154,陕西,商南,110.9,33.53333333333333,EbthY
57155,陕西,山阳,109.91666666666666,33.53333333333333,EGeZr
57156,河南,西峡,111.5,33.3,rzsUT
57162,河南,嵩县,112.06666666666668,34.13333333333333,WKgrt
57169,河南,内乡,111.88333333333334,33.150000000000006,RWzAc
57173,河南,鲁山,112.88333333333334,33.75000000000001,HcTiH
57175,河南,镇平,112.25,33.08333333333333,MqOfh
57176,河南,南召,112.41666666666669,33.483333333333334,XQbzt
57177,河南,舞钢,113.53333333333332,33.333333333333336,tIiAe
57178,河南,南阳,112.48333333333336,33.1,vRweN
57179,河南,方城,113.0,33.28333333333334,NPIhR
57180,河南,郏县,113.2,33.98333333333334,hAfgu
57181,河南,宝丰,113.05,33.88333333333333,nAcuJ
57182,河南,襄城,113.51666666666668,33.849999999999994,MyGEg
57183,河南,临颍,113.91666666666666,33.8,iTyXp
57184,河南,叶县,113.3,33.63333333333334,wJjGK
57185,河南,舞阳,113.58333333333331,33.45,aRquF
57186,河南,漯河,114.05,33.6,lncFZ
57187,河南,社旗,112.96666666666668,33.03333333333334,oOUuS
57188,河南,西平,114.03333333333332,33.36666666666667,cAtmW
57189,河南,遂平,113.95,33.13333333333333,hsyZH
57191,河南,通许,114.46666666666668,34.51666666666667,iSvVf
57192,河南,淮阳,114.85,33.73333333333333,QHPrZ
57193,河南,西华,114.51666666666668,33.78333333333333,GBJUE
57194,河南,上蔡,114.3,33.26666666666666,aBcFs
57195,河南,川汇区,114.61666666666667,33.61666666666666,lZXKF
57196,河南,项城,114.86666666666666,33.416666666666664,VjWQe
57197,河南,汝南,114.35,32.96666666666666,vvNHi
57198,河南,商水,114.56666666666668,33.49999999999999,PojMH
57204,四川,青川,105.21666666666664,32.56666666666667,SzgvK
57206,四川,广元,105.9,32.416666666666664,OwVIj
57208,四川,剑阁,105.51666666666668,32.28333333333334,MfaOt
57211,陕西,宁强,106.25,32.833333333333336,bjqkU
57213,陕西,南郑,106.93333333333334,33.0,FNBBc
57216,四川,南江,106.83333333333331,32.35,viieF
57217,四川,旺苍,106.28333333333332,32.233333333333334,yxsyn
57231,陕西,紫阳,108.53333333333332,32.53333333333333,qujSt
57232,陕西,石泉,108.26666666666668,33.050000000000004,TlXfd
57233,陕西,汉阴,108.5,32.9,TwYEu
57237,四川,万源,108.03333333333332,32.06666666666666,CitjR
57238,陕西,镇巴,107.9,32.51666666666667,RjpPA
57242,陕西,旬阳,109.36666666666666,32.849999999999994,uEVEn
57245,陕西,安康,109.03333333333332,32.71666666666667,RprEI
57247,陕西,岚皋,108.9,32.31666666666666,lpGJm
57248,陕西,平利,109.33333333333334,32.400000000000006,yQbHi
57249,湖北,竹溪,109.68333333333332,32.31666666666666,ftxHu
57251,湖北,郧西,110.4,33.0,dqXoc
57253,湖北,郧阳,110.86666666666666,32.833333333333336,MdlIv
57254,陕西,白河,110.11666666666666,32.81666666666667,eIovq
57256,湖北,十堰,110.78333333333332,32.65,BREJr
57257,湖北,竹山,110.23333333333332,32.233333333333334,ZVetP
57259,湖北,房县,110.75,32.050000000000004,FEijB
57260,湖北,丹江口,111.51666666666668,32.56666666666667,ztads
57261,河南,淅川,111.51666666666668,33.11666666666667,iamyl
57265,湖北,老河口,111.73333333333332,32.43333333333333,DBJmD
57268,湖北,谷城,111.61666666666667,32.26666666666666,WjbHS
57271,河南,新野,112.38333333333334,32.51666666666667,UcjEf
57273,河南,唐河,112.8,32.73333333333333,jQYDK
57274,河南,邓州,111.98333333333332,32.7,ALlGb
57278,湖北,襄阳,112.08333333333331,32.0,fTXja
57279,湖北,枣阳,112.75,32.150000000000006,uGloJ
57281,河南,泌阳,113.3,32.7,ftgII
57285,河南,桐柏,113.41666666666669,32.383333333333326,WbHnL
57290,河南,驻马店,113.91666666666666,32.93333333333334,ZmGSj
57292,河南,平舆,114.61666666666667,32.9,XdjmX
57293,河南,新蔡,114.98333333333332,32.73333333333333,ORIbm
57294,河南,确山,114.01666666666668,32.833333333333336,UCliM
57295,河南,正阳,114.35,32.61666666666666,uiooJ
57296,河南,息县,114.73333333333332,32.35,tSCUn
57297,河南,信阳,114.05,32.13333333333333,hdKHW
57298,河南,罗山,114.55,32.21666666666667,rhndw
57299,河南,光山,114.9,32.016666666666666,sPsZI
57303,四川,苍溪,105.91666666666666,31.73333333333333,QNApE
57306,四川,阆中,105.98333333333332,31.583333333333336,rEyHe
57307,四川,三台,105.08333333333331,31.1,pqcSL
57308,四川,盐亭,105.38333333333334,31.216666666666665,WvCVx
57309,四川,西充,105.88333333333334,30.98333333333333,PtFdY
57313,四川,巴中,106.76666666666664,31.866666666666667,UxUlc
57314,四川,南部,106.06666666666668,31.35,gGLzn
57317,四川,蓬安,106.41666666666669,31.03333333333333,CYTUn
57318,四川,营山,106.56666666666668,31.083333333333336,zzseP
57320,四川,通江,107.21666666666664,31.93333333333333,NcACM
57324,四川,平昌,107.08333333333331,31.583333333333336,VdEKs
57326,四川,宣汉,107.71666666666668,31.366666666666664,HVNiO
57328,四川,达川,107.5,31.200000000000003,OwVVP
57329,四川,开江,107.85,31.1,Qdtso
57333,重庆,城口,108.66666666666669,31.95,eavwd
57339,重庆,云阳,108.68333333333332,30.95,pzmmf
57343,陕西,镇坪,109.53333333333332,31.9,AsKPA
57345,重庆,巫溪,109.61666666666667,31.4,QUGEw
57348,重庆,奉节,109.53333333333332,31.01666666666667,JHIrC
57349,重庆,巫山,109.86666666666666,31.083333333333336,uSMWc
57355,湖北,巴东,110.36666666666666,31.03333333333333,zJfzY
57359,湖北,兴山,110.73333333333332,31.35,zevgq
57361,湖北,保康,111.26666666666668,31.883333333333336,oqWyH
57362,湖北,神农架,110.66666666666669,31.75,liRVu
57363,湖北,南漳,111.83333333333331,31.8,qCEfB
57370,湖北,宜城,112.21666666666664,31.73333333333333,WAkbT
57377,湖北,荆门,112.21666666666664,31.0,vGwSN
57378,湖北,钟祥,112.63333333333333,31.200000000000003,FLmyq
57381,湖北,随州,113.33333333333334,31.616666666666667,VHSxv
57386,湖北,孝昌,114.0,31.25,QtbbO
57387,湖北,京山,113.13333333333333,31.0,zeDBq
57388,湖北,安陆,113.7,31.266666666666666,RMZis
57389,湖北,云梦,113.75,31.03333333333333,PLBSr
57395,湖北,大悟,114.16666666666666,31.583333333333336,bmINw
57396,河南,新县,114.85,31.633333333333333,BpKzd
57398,湖北,红安,114.61666666666667,31.28333333333333,OYqFU
57399,湖北,麻城,114.95,31.13333333333333,NcQaQ
57401,四川,射洪,105.36666666666666,30.866666666666667,eURTs
57402,四川,蓬溪,105.7,30.76666666666667,KxrUp
57405,四川,遂宁,105.55,30.5,pcHfo
57407,四川,乐至,105.03333333333332,30.28333333333333,YStkV
57408,四川,安岳,105.31666666666666,30.116666666666667,TuuMx
57409,重庆,潼南,105.8,30.183333333333334,kUNHe
57413,四川,渠县,106.96666666666668,30.85,rTRMZ
57414,四川,岳池,106.45,30.516666666666666,yFOsJ
57416,四川,邻水,106.93333333333334,30.33333333333333,EhvQh
57417,四川,武胜,106.28333333333332,30.35,eqeFJ
57420,四川,大竹,107.18333333333334,30.75,mFxpi
57425,重庆,垫江,107.4,30.31666666666667,OqThL
57432,重庆,万州,108.4,30.76666666666667,bsKAn
57437,重庆,忠县,108.03333333333332,30.3,QHcEb
57438,重庆,石柱,108.11666666666666,29.98333333333333,bUuhS
57439,湖北,利川,108.93333333333334,30.28333333333333,bLYlG
57445,湖北,建始,109.71666666666668,30.6,SRuMv
57447,湖北,恩施,109.46666666666668,30.28333333333333,zKHUp
57458,湖北,五峰,110.66666666666669,30.200000000000003,AAHzJ
57461,湖北,宜昌,111.36666666666666,30.73333333333333,ekVpr
57464,湖北,长阳,111.18333333333334,30.46666666666667,uAZAP
57465,湖北,宜都,111.43333333333334,30.366666666666664,JHJWL
57469,湖北,松滋,111.76666666666664,30.183333333333334,CHdCL
57475,湖北,潜江,112.9,30.4,MKtOV
57476,湖北,荆州,112.15,30.35,xBZlA
57477,湖北,公安,112.21666666666664,30.066666666666663,KekHK
57481,湖北,应城,113.56666666666668,30.95,rGLMc
57482,湖北,孝感,113.95,30.9,CQLZw
57483,湖北,天门,113.13333333333333,30.666666666666664,WxkfH
57484,湖北,沙洋,112.55,30.73333333333333,NSAwY
57485,湖北,仙桃,113.48333333333336,30.3,vAcxm
57486,湖北,汉川,113.85,30.65,Kogbd
57489,湖北,蔡甸,114.0,30.516666666666666,lfZTF
57492,湖北,新洲,114.83333333333331,30.83333333333333,RZaJI
57494,湖北,武汉,114.05,30.6,bSpCz
57495,湖北,团风,114.88333333333334,30.666666666666664,pEszq
57496,湖北,鄂州,114.61666666666667,30.25,Agzls
57498,湖北,黄冈,114.93333333333334,30.516666666666666,sWCpi
57499,湖北,大冶,114.88333333333334,30.066666666666663,LvTkA
57502,重庆,大足,105.7,29.700000000000003,RBIeV
57505,重庆,荣昌,105.58333333333331,29.416666666666668,klPmX
57506,重庆,永川,105.9,29.366666666666664,XGxHU
57507,四川,隆昌,105.3,29.33333333333333,mKxEY
57508,四川,泸县,105.36666666666666,29.15,YIwsD
57509,重庆,万盛,106.91666666666666,28.98333333333333,PeJwF
57510,重庆,铜梁,106.06666666666668,29.85,uymdU
57511,重庆,北碚,106.45,29.85,FfkQD
57512,重庆,合川,106.26666666666668,29.966666666666665,utLqu
57513,重庆,渝北,106.61666666666667,29.73333333333333,xFVYU
57514,重庆,璧山,106.21666666666664,29.583333333333336,ruRPA
57516,重庆,沙坪坝,106.46666666666668,29.583333333333336,rRKjq
57517,重庆,江津,106.25,29.28333333333333,nIjuT
57518,重庆,巴南,106.5,29.33333333333333,AbIWr
57519,重庆,南川,107.11666666666666,29.166666666666668,OIUau
57520,重庆,长寿,107.06666666666668,29.83333333333333,mDPjt
57523,重庆,丰都,107.73333333333332,29.85,fVOJL
57525,重庆,武隆,107.75,29.31666666666667,LwFjp
57536,重庆,黔江,108.76666666666664,29.516666666666666,iBdYx
57537,重庆,彭水,108.16666666666666,29.3,mFVrF
57540,湖北,咸丰,109.15,29.683333333333334,KSDOF
57541,湖北,宣恩,109.48333333333336,30.0,FufZg
57543,湖北,鹤峰,110.03333333333332,29.9,aTFNA
57544,湖南,龙山,109.45,29.46666666666667,czHhG
57545,湖北,来凤,109.41666666666669,29.53333333333333,NNfJp
57554,湖南,桑植,110.16666666666666,29.4,UyXiO
57558,湖南,张家界,110.46666666666668,29.13333333333333,FOUZo
57562,湖南,石门,111.36666666666666,29.583333333333336,ZGIRj
57564,湖南,慈利,111.13333333333333,29.433333333333337,QhqHU
57565,湖南,澧县,111.71666666666668,29.666666666666664,VdxXV
57566,湖南,临澧,111.65,29.45,ZskSj
57571,湖北,石首,112.41666666666669,29.666666666666664,NOyuq
57573,湖北,监利,112.9,29.83333333333333,yShDj
57574,湖南,南县,112.4,29.366666666666664,wIetl
57575,湖南,华容,112.55,29.516666666666666,UDpcM
57577,湖南,安乡,112.16666666666666,29.4,ejqKF
57581,湖北,洪湖,113.45,29.816666666666663,qYxqF
57582,湖北,赤壁,113.88333333333334,29.716666666666665,KTWwX
57583,湖北,嘉鱼,113.96666666666668,29.916666666666668,xyZup
57584,湖南,岳阳,113.08333333333331,29.383333333333333,bwVav
57585,湖南,临湘,113.45,29.48333333333333,sabwQ
57586,湖北,崇阳,114.03333333333332,29.53333333333333,fYXOt
57589,湖北,通城,113.88333333333334,29.266666666666666,xhjfq
57590,湖北,咸宁,114.36666666666666,29.85,BokVQ
57714,贵州,金沙,106.23333333333332,27.46666666666667,foFkP
57598,江西,修水,114.58333333333331,29.03333333333333,kmdsU
57600,四川,江安,105.06666666666668,28.716666666666665,EcUZo
57603,四川,合江,105.83333333333331,28.816666666666663,DprjI
57606,贵州,桐梓,106.83333333333331,28.13333333333333,WQYWd
57608,四川,叙永,105.43333333333334,28.166666666666668,HGSgX
57612,重庆,綦江,106.65,29.0,ivlNL
57623,贵州,道真,107.6,28.883333333333336,efBXm
57625,贵州,正安,107.46666666666668,28.53333333333333,awLJW
57633,重庆,酉阳,108.76666666666664,28.816666666666663,bghvn
57634,贵州,务川,107.88333333333334,28.516666666666666,hlBSz
57635,重庆,秀山,109.01666666666668,28.366666666666664,ukeEi
57636,贵州,沿河,108.5,28.566666666666663,ERvME
57637,贵州,德江,108.1,28.25,WmIeA
57640,湖南,花垣,109.45,28.583333333333336,aEkzT
57642,湖南,保靖,109.65,28.700000000000003,aDWvQ
57643,湖南,永顺,109.83333333333331,29.0,LLJXv
57646,湖南,古丈,109.95,28.616666666666667,gpwLy
57647,贵州,松桃,109.18333333333334,28.15,uhZzm
57649,湖南,吉首,109.68333333333332,28.23333333333333,gWnFP
57657,湖南,泸溪,110.2,28.216666666666665,XsVCU
57658,湖南,辰溪,110.2,28.0,PSXSM
57661,湖南,桃源,111.48333333333336,28.916666666666668,DYNDO
57662,湖南,常德,111.68333333333332,29.116666666666667,NMRKc
57663,湖南,汉寿,111.95,28.916666666666668,RvbiI
57666,湖南,桃江,112.13333333333333,28.516666666666666,rJTxk
57669,湖南,安化,111.21666666666664,28.383333333333333,LTAMD
57671,湖南,沅江,112.36666666666666,28.85,xFxiZ
57673,湖南,湘阴,112.88333333333334,28.683333333333334,EJmro
57674,湖南,赫山,112.38333333333334,28.566666666666663,ljEDf
57678,湖南,宁乡,112.55,28.25,vRUXM
57680,湖南,汨罗,113.1,28.85,AlxsQ
57682,湖南,平江,113.56666666666668,28.716666666666665,PdYcV
57688,湖南,浏阳,113.63333333333333,28.15,eprZJ
57694,江西,铜鼓,114.38333333333334,28.53333333333333,SbQfM
57696,江西,宜丰,114.78333333333332,28.4,lpFTY
57698,江西,万载,114.43333333333334,28.1,SbshZ
57699,江西,上高,114.96666666666668,28.23333333333333,TnqCJ
57707,贵州,毕节,105.28333333333332,27.3,QJFow
57708,贵州,大方,105.6,27.15,YDxxS
57710,贵州,仁怀,106.4,27.8,avkLt
57718,贵州,息烽,106.71666666666668,27.1,VBttY
57719,贵州,开阳,106.96666666666668,27.066666666666663,nhvQy
57722,贵州,湄潭,107.46666666666668,27.76666666666667,xUANG
57723,贵州,凤冈,107.71666666666668,27.98333333333333,FfkVU
57728,贵州,瓮安,107.46666666666668,27.05,DdMaA
57729,贵州,余庆,107.88333333333334,27.23333333333333,gtqrp
57731,贵州,思南,108.25,27.95,MyiYN
57732,贵州,印江,108.4,28.01666666666667,XCIcC
57734,贵州,石阡,108.23333333333332,27.566666666666663,vHFrl
57735,贵州,岑巩,108.81666666666666,27.183333333333334,PjZmd
57736,贵州,江口,108.85,27.700000000000003,vHiWQ
57737,贵州,施秉,108.11666666666666,27.03333333333333,REBUD
57738,贵州,镇远,108.41666666666669,27.05,FqHqg
57739,贵州,玉屏,108.91666666666666,27.23333333333333,ZgWUE
57740,湖南,凤凰,109.6,27.95,HHWQT
57741,贵州,铜仁,109.18333333333334,27.73333333333333,EaOOy
57742,贵州,万山,109.2,27.516666666666666,pQUcc
57743,湖南,麻阳,109.8,27.866666666666667,BByTA
57744,湖南,新晃,109.16666666666666,27.366666666666664,ZOQOg
57745,湖南,芷江,109.68333333333332,27.45,robJO
57752,湖南,溆浦,110.6,27.916666666666668,ltdEd
57754,湖南,洪江,109.83333333333331,27.216666666666665,dGOEo
57760,湖南,冷水江,111.43333333333334,27.700000000000003,gUDwK
57761,湖南,新化,111.3,27.75,FLnON
57762,湖南,涟源,111.7,27.683333333333334,MvOMQ
57763,湖南,娄底,112.0,27.683333333333334,ZrEsO
57771,湖南,韶山,112.53333333333332,27.93333333333333,ctzSw
57772,湖南,湘乡,112.5,27.75,MFued
57773,湖南,湘潭,112.83333333333331,27.883333333333336,tWpqg
57776,湖南,南岳,112.7,27.3,gMqBs
57777,湖南,衡山,112.86666666666666,27.23333333333333,inRnV
57778,湖南,衡东,112.95,27.1,qhQyx
57779,湖南,攸县,113.35,27.05,UUaLX
57780,湖南,株洲,113.16666666666666,27.83333333333333,siHjW
57781,湖南,醴陵,113.5,27.65,aSeFW
57783,江西,上栗,113.81666666666666,27.883333333333336,YXrtQ
57786,江西,萍乡,113.85,27.633333333333333,yBDJf
57789,江西,莲花,113.95,27.13333333333333,aBbtI
57792,江西,分宜,114.68333333333332,27.816666666666663,YjVGY
57793,江西,宜春,114.38333333333334,27.8,OqvoJ
57794,江西,芦溪,114.01666666666668,27.633333333333333,eclSD
57798,江西,安福,114.6,27.4,AQXam
57799,江西,吉安县,114.91666666666666,27.05,ryNCI
57800,贵州,纳雍,105.36666666666666,26.76666666666667,hJPOj
57803,贵州,黔西,106.01666666666668,27.03333333333333,xfRzH
57805,贵州,织金,105.76666666666664,26.683333333333334,AMmvw
57806,贵州,安顺,105.9,26.25,zYxtY
57807,贵州,六枝,105.46666666666668,26.200000000000003,XTKOc
57808,贵州,普定,105.75,26.31666666666667,xJRLN
57809,贵州,镇宁,105.75,26.066666666666663,wgmRr
57811,贵州,修文,106.6,26.83333333333333,qYDqu
57814,贵州,平坝,106.26666666666668,26.416666666666668,UYZaj
57816,贵州,贵阳,106.73333333333332,26.583333333333336,SKMHP
57821,贵州,福泉,107.5,26.700000000000003,Bgdxr
57822,贵州,黄平,107.9,26.9,HGQkl
57824,贵州,贵定,107.23333333333332,26.583333333333336,SzwqB
57825,贵州,凯里,107.98333333333332,26.6,NSsev
57827,贵州,都匀,107.53333333333332,26.31666666666667,EHGgf
57828,贵州,麻江,107.58333333333331,26.5,ZERcU
57829,贵州,丹寨,107.8,26.200000000000003,QfiGH
57832,贵州,三穗,108.66666666666669,26.966666666666665,RMivb
57834,贵州,台江,108.3,26.683333333333334,wTTZD
57835,贵州,剑河,108.43333333333334,26.73333333333333,WXmQk
57837,贵州,雷山,108.06666666666668,26.4,XFsWa
57839,贵州,黎平,109.13333333333333,26.23333333333333,DrHHS
57840,贵州,天柱,109.2,26.9,bFWLw
57844,贵州,锦屏,109.18333333333334,26.683333333333334,zFHzB
57845,湖南,通道,109.78333333333332,26.166666666666668,uAYSX
57859,广西,资源,110.63333333333333,26.03333333333333,JWDIo
57865,湖南,冷水滩,111.61666666666667,26.5,YGosR
57866,湖南,永州,111.61666666666667,26.23333333333333,vXgNI
57867,湖南,东安,111.28333333333332,26.4,AbmUR
57868,湖南,祁阳,111.86666666666666,26.6,tjUoi
57870,湖南,祁东,112.1,26.8,PHwxt
57871,湖南,衡阳县,112.36666666666666,26.98333333333333,PMfFu
57872,湖南,衡阳,112.6,26.9,ObykY
57874,湖南,常宁,112.4,26.416666666666668,zxmLy
57875,湖南,衡南,112.68333333333332,26.75,GYnJo
57876,湖南,耒阳,112.83333333333331,26.433333333333337,fzyGq
57881,湖南,安仁,113.26666666666668,26.716666666666665,zMNOt
57882,湖南,茶陵,113.55,26.78333333333333,cMTxZ
57886,湖南,炎陵,113.8,26.48333333333333,HDZEq
57887,湖南,永兴,113.11666666666666,26.13333333333333,rwydQ
57889,湖南,桂东,113.95,26.083333333333336,QaXwQ
57891,江西,永新,114.25,26.93333333333333,CsrsV
57894,江西,井冈山,114.16666666666666,26.583333333333336,cIZPM
57895,江西,万安,114.78333333333332,26.46666666666667,gVGRT
57896,江西,遂川,114.5,26.33333333333333,MaPOv
57899,江西,泰和,114.91666666666666,26.8,BKtiM
57900,贵州,晴隆,105.21666666666664,25.83333333333333,rKyfM
57903,贵州,关岭,105.6,25.93333333333333,KqlOa
57905,贵州,贞丰,105.61666666666667,25.4,SYwsx
57906,贵州,望谟,106.08333333333331,25.183333333333334,hsyBU
57907,贵州,兴义,104.9,25.083333333333336,bUbyg
57908,贵州,安龙,105.48333333333336,25.116666666666667,fBdei
57909,贵州,册亨,105.81666666666666,24.98333333333333,YkFXJ
57910,贵州,紫云,106.08333333333331,25.76666666666667,aMPck
57911,贵州,白云,106.65,26.666666666666664,SOHSv
57912,贵州,惠水,106.63333333333333,26.13333333333333,OOPMd
57913,贵州,龙里,106.98333333333332,26.45,oSrTE
57914,贵州,花溪,106.66666666666669,26.416666666666668,wWoHD
57915,贵州,乌当,106.76666666666664,26.633333333333333,vDKTW
57916,贵州,罗甸,106.76666666666664,25.433333333333337,ddcVF
57921,贵州,平塘,107.35,25.85,OpPQk
57922,贵州,独山,107.55,25.83333333333333,zqguN
57923,贵州,三都,107.86666666666666,25.98333333333333,WfTTa
57926,贵州,荔波,107.88333333333334,25.416666666666668,QiOmA
57927,广西,天峨,107.18333333333334,24.966666666666665,pBXxm
57932,贵州,榕江,108.51666666666668,25.93333333333333,tpXDH
57936,贵州,从江,108.91666666666666,25.75,inRGg
57941,广西,三江,109.6,25.78333333333333,GHIyC
57942,广西,龙胜,110.0,25.8,HYxdu
57947,广西,融安,109.4,25.23333333333333,zwjGp
57948,广西,融水,109.25,25.083333333333336,srRpN
57949,广西,永福,110.0,24.98333333333333,SntnR
57954,广西,临桂,110.15,25.23333333333333,nZlPQ
57955,广西,兴安,110.66666666666669,25.616666666666667,ewdcN
57956,广西,灵川,110.31666666666666,25.416666666666668,QWKYy
57957,广西,桂林,110.3,25.31666666666667,qiegc
57960,广西,全州,111.06666666666668,25.93333333333333,bEdfI
57962,湖南,双牌,111.65,25.966666666666665,CcRaN
57964,广西,灌阳,111.15,25.5,odAEb
57965,湖南,道县,111.6,25.53333333333333,anbCP
57966,湖南,宁远,111.96666666666668,25.6,PKMwh
57969,湖南,江永,111.31666666666666,25.28333333333333,XfpWX
57971,湖南,新田,112.2,25.916666666666668,qxrUF
57972,湖南,郴州,112.96666666666668,25.73333333333333,cYyyF
57973,湖南,桂阳,112.71666666666668,25.75,OMZne
57974,湖南,嘉禾,112.36666666666666,25.583333333333336,CkYws
57975,湖南,蓝山,112.2,25.383333333333333,RJaJW
57976,湖南,宜章,112.93333333333334,25.4,pbfyp
57978,湖南,临武,112.55,25.266666666666666,MhTjl
57981,湖南,资兴,113.21666666666664,25.966666666666665,UbStp
57985,湖南,汝城,113.68333333333332,25.55,xyZXg
57988,广东,乐昌,113.35,25.116666666666667,JvNgy
57989,广东,仁化,113.76666666666664,25.066666666666663,aDgrE
57990,江西,崇义,114.31666666666666,25.700000000000003,OKwKn
57991,江西,上犹,114.55,25.8,OEtxs
57992,江西,南康,114.75,25.666666666666664,xbhYg
57993,江西,赣县,115.0,25.866666666666667,eNmid
57994,江西,大余,114.35,25.4,scXAG
57995,江西,信丰,114.86666666666666,25.35,FaYju
57996,广东,南雄,114.25,25.083333333333336,dzcNI
58001,河南,睢县,115.1,34.43333333333333,XMgFC
58002,山东,曹县,115.58333333333331,34.849999999999994,zyMgt
58003,山东,成武,115.88333333333334,34.95,fvIrZ
58004,河南,民权,115.15,34.65,UtHHs
58005,河南,商丘,115.53333333333332,34.43333333333333,aMsMR
58006,河南,虞城,115.88333333333334,34.383333333333326,wUEuZ
58007,河南,柘城,115.3,34.06666666666666,VvHGN
58008,河南,宁陵,115.33333333333334,34.46666666666667,lAMXm
58011,山东,单县,116.06666666666668,34.8,exVbY
58012,江苏,丰县,116.65,34.666666666666664,WUcbj
58013,江苏,沛县,116.9,34.75000000000001,HQOOW
58015,安徽,砀山,116.33333333333334,34.45,Slnbc
58016,安徽,萧县,116.96666666666668,34.18333333333333,CKmzv
58017,河南,夏邑,116.13333333333333,34.25,LoNcn
58020,山东,微山,117.13333333333333,34.8,KpFlL
58021,山东,薛城,117.28333333333332,34.78333333333333,fDkIG
58022,山东,峄城,117.56666666666668,34.75000000000001,Jchqy
58024,山东,枣庄,117.58333333333331,34.866666666666674,rXLkZ
58025,山东,台儿庄,117.73333333333332,34.56666666666667,BqsRd
58026,江苏,邳州,118.01666666666668,34.400000000000006,EizdM
58027,江苏,徐州,117.15,34.28333333333334,bWGZQ
58030,山东,兰陵,118.01666666666668,34.88333333333333,ktWtX
58032,山东,临沭,118.65,34.95,JkOIC
58035,江苏,新沂,118.35,34.333333333333336,hDLrj
58036,江苏,东海,118.71666666666668,34.55,fiwPx
58038,江苏,沭阳,118.78333333333332,34.08333333333333,UBFXu
58040,江苏,赣榆,119.13333333333333,34.849999999999994,tPkeh
58044,江苏,连云港,119.23333333333332,34.53333333333333,HPnPL
58045,江苏,响水,119.6,34.2,ZQVMR
58047,江苏,灌云,119.23333333333332,34.25,SQNaH
58048,江苏,灌南,119.35,34.11666666666667,ChsOC
58049,江苏,滨海,119.8,34.016666666666666,Yjdlm
58100,河南,郸城,115.16666666666666,33.65,uRklp
58101,河南,鹿邑,115.48333333333336,33.866666666666674,BNljK
58102,安徽,亳州,115.73333333333332,33.78333333333333,bjqNC
58104,河南,沈丘,115.06666666666668,33.400000000000006,AWlje
58107,安徽,临泉,115.28333333333332,33.016666666666666,wlkiF
58108,安徽,界首,115.36666666666666,33.333333333333336,karbd
58109,安徽,太和,115.65,33.13333333333333,ddRJw
58111,河南,永城,116.45,33.96666666666666,SMuXc
58113,安徽,濉溪,116.7,33.95,sCZni
58114,安徽,涡阳,116.18333333333334,33.483333333333334,VjERZ
58116,安徽,淮北,116.86666666666666,34.03333333333334,npJUD
58117,安徽,利辛,116.2,33.13333333333333,TnLlA
58118,安徽,蒙城,116.51666666666668,33.26666666666666,WfvcH
58122,安徽,宿州,116.98333333333332,33.63333333333334,KZzYj
58125,安徽,灵璧,117.51666666666668,33.583333333333336,GPbvs
58126,安徽,泗县,117.86666666666666,33.46666666666667,CtvRL
58127,安徽,怀远,117.06666666666668,32.98333333333334,HxrdW
58128,安徽,固镇,117.35,33.333333333333336,oCQkR
58129,安徽,五河,117.83333333333331,33.150000000000006,wtsbO
58130,江苏,睢宁,117.95,33.93333333333334,tdTgS
58131,江苏,宿迁,118.21666666666664,33.96666666666666,jVxXh
58132,江苏,泗阳,118.68333333333332,33.71666666666667,wtsbS
58135,江苏,泗洪,118.21666666666664,33.483333333333334,wKIff
58138,江苏,盱眙,118.51666666666668,32.98333333333334,HQORe
58139,江苏,洪泽,118.91666666666666,33.3,sZMPB
58140,江苏,涟水,119.3,33.766666666666666,ktyzF
58143,江苏,阜宁,119.85,33.8,AnpOV
58146,江苏,建湖,119.76666666666664,33.46666666666667,KjVdj
58147,江苏,金湖,118.96666666666668,32.98333333333334,LhZvh
58148,江苏,宝应,119.35,33.26666666666666,ojvBC
58150,江苏,射阳,120.3,33.75000000000001,ezmfH
58154,江苏,盐都,120.1,33.31666666666666,XABKt
58158,江苏,大丰,120.45,33.16666666666667,ZAxsG
58202,安徽,阜南,115.56666666666668,32.666666666666664,bHKhs
58203,安徽,阜阳,115.73333333333332,32.866666666666674,JcXXt
58205,河南,淮滨,115.43333333333334,32.46666666666667,pQUOE
58207,河南,潢川,115.05,32.16666666666667,wTUBX
58208,河南,固始,115.61666666666667,32.16666666666667,liQnS
58210,安徽,颍上,116.23333333333332,32.65,AUgGn
58212,安徽,凤台,116.76666666666664,32.71666666666667,qzDwS
58214,安徽,霍邱,116.3,32.36666666666667,eqtJL
58215,安徽,寿县,116.78333333333332,32.43333333333333,swcHe
58220,安徽,长丰,117.15,32.46666666666667,lUGWB
58221,安徽,蚌埠,117.3,32.849999999999994,xEdTH
58222,安徽,凤阳,117.55,32.849999999999994,bESbg
58223,安徽,明光,117.98333333333332,32.8,eHJSl
58224,安徽,淮南,117.05,32.6,DUBio
58225,安徽,定远,117.66666666666669,32.53333333333333,cSxfG
58234,安徽,来安,118.41666666666669,32.46666666666667,DLYqz
58235,江苏,六合,118.85,32.36666666666667,veJzt
58236,安徽,滁州,118.25,32.35,aqZIQ
58237,江苏,浦口,118.58333333333331,32.06666666666666,ssDyH
58238,江苏,南京,118.9,31.93333333333333,CxOWZ
58240,安徽,天长,119.01666666666668,32.68333333333333,VHRnN
58241,江苏,高邮,119.45,32.8,DRlfC
58242,江苏,仪征,119.16666666666666,32.3,KcQmD
58243,江苏,兴化,119.81666666666666,32.95,fzEWw
58244,江苏,江都,119.58333333333331,32.45,KZXUZ
58245,江苏,扬州,119.41666666666669,32.416666666666664,lDhJo
58246,江苏,泰州,120.0,32.55,kQswL
58247,江苏,扬中,119.8,32.26666666666666,KwLGW
58249,江苏,泰兴,120.0,32.16666666666667,pzmbN
58250,江苏,姜堰,120.15,32.51666666666667,GNnVR
58251,江苏,东台,120.28333333333332,32.849999999999994,OYMXg
58254,江苏,海安,120.45,32.51666666666667,EImCv
58255,江苏,如皋,120.56666666666668,32.36666666666667,UWfDb
58257,江苏,靖江,120.3,31.98333333333333,qgNae
58259,江苏,南通,120.98333333333332,32.08333333333333,VHAmf
58264,江苏,如东,121.18333333333334,32.333333333333336,EseOS
58269,江苏,启东,121.65,31.78333333333333,omKcH
58301,河南,商城,115.38333333333334,31.816666666666663,iDXIG
58306,安徽,金寨,115.88333333333334,31.683333333333334,NjfSe
58311,安徽,六安,116.5,31.73333333333333,RLVWB
58314,安徽,霍山,116.31666666666666,31.4,HMeMG
58316,安徽,舒城,116.91666666666666,31.46666666666667,VFMGg
58317,安徽,岳西,116.36666666666666,30.866666666666667,GbhPZ
58319,安徽,桐城,116.95,31.066666666666663,tRaOy
58320,安徽,肥西,117.13333333333333,31.73333333333333,tdDBE
58321,安徽,合肥,117.3,31.78333333333333,xqcji
58323,安徽,肥东,117.46666666666668,31.883333333333336,JeocZ
58326,安徽,巢湖,117.83333333333331,31.583333333333336,ynBxA
58327,安徽,庐江,117.28333333333332,31.266666666666666,MmSaS
58329,安徽,无为,117.86666666666666,31.33333333333333,jOsaC
58330,安徽,含山,118.08333333333331,31.75,nsdcQ
58331,安徽,和县,118.36666666666666,31.73333333333333,vulFs
58334,安徽,芜湖,118.41666666666669,31.383333333333333,YCdBx
58335,安徽,当涂,118.56666666666668,31.55,MXyIw
58336,安徽,马鞍山,118.56666666666668,31.700000000000003,cdzPY
58337,安徽,繁昌,118.18333333333334,31.083333333333336,SIWeY
58339,江苏,高淳,118.9,31.33333333333333,nihEu
58340,江苏,溧水,119.06666666666668,31.6,gRnAT
58341,江苏,丹阳,119.6,31.98333333333333,tCUFF
58344,江苏,句容,119.2,31.966666666666665,HzWJm
58345,江苏,溧阳,119.48333333333336,31.433333333333337,SOYVx
58346,江苏,宜兴,119.81666666666666,31.33333333333333,AGnXn
58349,江苏,苏州,120.56666666666668,31.416666666666668,lqYjK
58351,江苏,江阴,120.3,31.9,aBsDt
58352,江苏,常熟,120.76666666666664,31.65,ZZNyr
58353,江苏,张家港,120.56666666666668,31.866666666666667,ZGGdV
58354,江苏,无锡,120.35,31.616666666666667,fvlMy
58356,江苏,昆山,121.0,31.4,OxFhx
58358,江苏,东山,120.43333333333334,31.066666666666663,uDfFU
58359,江苏,吴江,120.61666666666667,31.13333333333333,Oimbc
58360,江苏,海门,121.2,31.916666666666668,OJsnx
58361,上海,闵行,121.36666666666666,31.1,ttcsH
58362,上海,宝山,121.45,31.4,QtPRO
58365,上海,嘉定,121.2,31.383333333333333,HZYrL
58366,上海,崇明,121.5,31.666666666666664,fndTJ
58367,上海,徐家汇,121.43333333333334,31.200000000000003,bwUMl
58370,上海,浦东,121.53333333333332,31.23333333333333,atcMf
58377,江苏,太仓,121.1,31.516666666666666,ZOrBB
58401,湖北,罗田,115.4,30.75,ieWay
58402,湖北,英山,115.66666666666669,30.73333333333333,aNScZ
58404,湖北,浠水,115.21666666666664,30.46666666666667,HndlP
58408,湖北,蕲春,115.43333333333334,30.23333333333333,dfWmt
58409,湖北,黄梅,115.93333333333334,30.1,YfzjW
58417,安徽,宿松,116.13333333333333,30.166666666666668,iScpT
58429,安徽,铜陵,117.85,30.98333333333333,VAMvd
58431,安徽,南陵,118.31666666666666,30.9,sWTiK
58432,安徽,泾县,118.4,30.683333333333334,FqHCb
58433,安徽,宣城,118.75,30.93333333333333,hhgTF
58435,安徽,旌德,118.53333333333332,30.3,OcJPm
58436,安徽,宁国,118.98333333333332,30.616666666666667,uqTaZ
58437,安徽,黄山,118.15,30.13333333333333,dFIpc
58441,安徽,广德,119.41666666666669,30.866666666666667,wyOSJ
58442,安徽,郎溪,119.18333333333334,31.166666666666668,sImJG
58443,浙江,长兴,119.9,31.01666666666667,nhdEv
58446,浙江,安吉,119.7,30.633333333333333,qytam
58448,浙江,临安,119.7,30.216666666666665,rPweL
58449,浙江,富阳,119.95,30.05,fCxxp
58450,浙江,湖州,120.05,30.866666666666667,quMLV
58451,浙江,嘉善,120.93333333333334,30.83333333333333,UvOFB
58452,浙江,嘉兴,120.76666666666664,30.73333333333333,pxfeS
58453,浙江,柯桥,120.5,30.066666666666663,VzTiT
58454,浙江,德清,119.98333333333332,30.53333333333333,FVPPn
58455,浙江,海宁,120.5,30.48333333333333,KqlbA
58456,浙江,桐乡,120.51666666666668,30.633333333333333,rPEAy
58457,浙江,杭州,120.16666666666666,30.23333333333333,HIieJ
58458,浙江,海盐,120.9,30.53333333333333,Guoip
58459,浙江,萧山,120.28333333333332,30.183333333333334,wdcXE
58460,上海,金山,121.35,30.73333333333333,XJLoP
58461,上海,青浦,121.11666666666666,31.13333333333333,xZqWL
58462,上海,松江,121.18333333333334,31.01666666666667,FkyWg
58463,上海,奉贤,121.5,30.883333333333336,BOoen
58464,浙江,平湖,121.11666666666666,30.65,TJTpA
58467,浙江,慈溪,121.26666666666668,30.200000000000003,LlhKr
58468,浙江,余姚,121.13333333333333,30.01666666666667,oOdwb
58472,浙江,嵊泗,122.45,30.73333333333333,hyYAy
58477,浙江,定海,122.1,30.03333333333333,MbBco
58484,浙江,岱山,122.2,30.25,uURZs
58500,湖北,阳新,115.21666666666664,29.9,vraeg
58501,湖北,武穴,115.63333333333333,29.916666666666668,DOsub
58502,江西,九江,116.01666666666668,29.666666666666664,kVOgS
58503,江西,瑞昌,115.66666666666669,29.700000000000003,qjEqY
58506,江西,庐山,115.98333333333332,29.583333333333336,PCWyN
58507,江西,武宁,115.11666666666666,29.25,gEVup
58508,江西,德安,115.76666666666664,29.33333333333333,NtswH
58509,江西,永修,115.81666666666666,29.05,XSWiI
58510,江西,湖口,116.2,29.683333333333334,gFkXT
58512,江西,彭泽,116.55,29.9,IWKEq
58517,江西,都昌,116.18333333333334,29.25,lFKRv
58520,安徽,祁门,117.71666666666668,29.85,sVPho
58523,安徽,黟县,117.93333333333334,29.93333333333333,UlADo
58524,江西,浮梁,117.21666666666664,29.366666666666664,QLKkM
58527,江西,景德镇,117.2,29.3,DriXU
58529,江西,婺源,117.85,29.28333333333333,QgJYN
58530,安徽,歙县,118.43333333333334,29.866666666666667,dkFXw
58531,安徽,屯溪,118.28333333333332,29.716666666666665,wnqTm
58534,安徽,休宁,118.18333333333334,29.78333333333333,QEyyv
58537,浙江,开化,118.4,29.13333333333333,JZNGR
58542,浙江,桐庐,119.68333333333332,29.816666666666663,psguG
58543,浙江,淳安,119.01666666666668,29.616666666666667,DUufR
58544,浙江,建德,119.26666666666668,29.48333333333333,UVshw
58546,浙江,浦江,119.88333333333334,29.46666666666667,jNOUm
58547,浙江,龙游,119.18333333333334,29.03333333333333,JrShZ
58548,浙江,兰溪,119.46666666666668,29.216666666666665,qgpLh
58549,浙江,金华,119.65,29.116666666666667,QMNma
58550,浙江,诸暨,120.25,29.700000000000003,gfWSV
58553,浙江,上虞,120.81666666666666,30.05,lMqkK
58555,浙江,新昌,120.88333333333334,29.516666666666666,CNewz
58556,浙江,嵊州,120.81666666666666,29.6,nySsV
58557,浙江,义乌,120.08333333333331,29.33333333333333,Izail
58558,浙江,东阳,120.21666666666664,29.266666666666666,IdQKQ
58559,浙江,天台,120.96666666666668,29.15,vhvOJ
58560,浙江,磐安,120.43333333333334,29.05,QxmlB
58561,浙江,镇海,121.6,29.98333333333333,VdwKZ
58562,浙江,鄞州,121.5,29.8,TNaZf
58563,浙江,北仑,121.83333333333331,29.883333333333336,fTHFh
58565,浙江,奉化,121.38333333333334,29.700000000000003,fBeVR
58566,浙江,象山,121.88333333333334,29.46666666666667,GgJvu
58567,浙江,宁海,121.43333333333334,29.31666666666667,leUlH
58568,浙江,三门,121.38333333333334,29.116666666666667,hsEmE
58570,浙江,普陀,122.3,29.95,Dcmkn
58600,江西,靖安,115.36666666666666,28.866666666666667,agoIZ
58601,江西,奉新,115.38333333333334,28.700000000000003,ElOyt
58602,江西,安义,115.55,28.85,OebEp
58605,江西,高安,115.38333333333334,28.416666666666668,ZAypU
58606,江西,南昌,115.91666666666666,28.6,JmxCz
58607,江西,南昌县,115.95,28.55,Pohqy
58608,江西,樟树,115.55,28.066666666666663,HWaon
58609,江西,丰城,115.81666666666666,28.216666666666665,GEceX
58612,江西,余干,116.68333333333332,28.700000000000003,QIvAP
58614,江西,进贤,116.28333333333332,28.4,CBQqX
58615,江西,万年,117.08333333333331,28.683333333333334,Eploe
58616,江西,余江,116.81666666666666,28.200000000000003,vKOSS
58619,江西,临川,116.26666666666668,27.9,Zvsga
58620,江西,乐平,117.1,29.01666666666667,LvdkW
58622,江西,德兴,117.58333333333331,28.95,ObzWw
58624,江西,弋阳,117.43333333333334,28.4,SSTjQ
58625,江西,横峰,117.6,28.416666666666668,JfPmD
58626,江西,贵溪,117.23333333333332,28.3,uYodl
58627,江西,鹰潭,117.05,28.31666666666667,UWvkt
58629,江西,铅山,117.7,28.28333333333333,zGnNC
58631,浙江,常山,118.5,28.9,PbRMS
58632,浙江,江山,118.6,28.716666666666665,GJsUv
58634,江西,玉山,118.25,28.683333333333334,eldrT
58637,江西,上饶,117.98333333333332,28.45,KpYAB
58642,浙江,武义,119.8,28.883333333333336,qoVEV
58643,浙江,永康,120.03333333333332,28.9,VXcDE
58644,浙江,遂昌,119.28333333333332,28.6,vVqWU
58646,浙江,丽水,119.91666666666666,28.45,nEoHv
58647,浙江,龙泉,119.13333333333333,28.083333333333336,IFYzG
58648,浙江,景宁,119.63333333333333,28.0,uqdix
58652,浙江,仙居,120.71666666666668,28.866666666666667,JhVpH
58654,浙江,缙云,120.08333333333331,28.666666666666664,ZESZU
58656,浙江,乐清,120.96666666666668,28.066666666666663,XIkhp
58657,浙江,青田,120.28333333333332,28.15,BErcS
58658,浙江,永嘉,120.68333333333332,28.15,ewupG
58659,浙江,温州,120.65,28.03333333333333,qgMmM
58660,浙江,临海,121.2,28.866666666666667,hQdlP
58664,浙江,温岭,121.36666666666666,28.366666666666664,IgYwQ
58667,浙江,玉环,121.26666666666668,28.083333333333336,DoUMx
58693,江西,新建,115.83333333333331,28.700000000000003,WQiHO
58701,江西,新干,115.4,27.76666666666667,QnqKe
58704,江西,峡江,115.35,27.583333333333336,pMHJc
58705,江西,永丰,115.41666666666669,27.33333333333333,LZRYi
58706,江西,乐安,115.83333333333331,27.433333333333337,QPXTo
58707,江西,吉水,115.13333333333333,27.216666666666665,xtlYj
58710,江西,崇仁,116.05,27.76666666666667,GVeYC
58712,江西,金溪,116.78333333333332,27.916666666666668,IxliU
58713,江西,资溪,117.06666666666668,27.716666666666665,rmkXW
58714,江西,宜黄,116.23333333333332,27.55,RQClf
58715,江西,南城,116.65,27.583333333333336,rusOd
58718,江西,南丰,116.53333333333332,27.216666666666665,XcDmx
58719,江西,黎川,116.93333333333334,27.3,clOYT
58724,福建,光泽,117.31666666666666,27.53333333333333,mdLfz
58725,福建,邵武,117.46666666666668,27.33333333333333,QtQEY
58730,福建,武夷山,118.03333333333332,27.76666666666667,zbKCn
58731,福建,浦城,118.53333333333332,27.916666666666668,lTvde
58734,福建,建阳,118.11666666666666,27.33333333333333,UXGUr
58735,福建,松溪,118.75,27.516666666666666,SXdgJ
58736,福建,政和,118.81666666666666,27.383333333333333,lztqa
58737,福建,建瓯,118.31666666666666,27.05,xQVDJ
58742,浙江,云和,119.55,28.116666666666667,ywpHz
58744,福建,寿宁,119.41666666666669,27.45,qMckX
58745,浙江,庆元,119.08333333333331,27.616666666666667,eAFNK
58746,浙江,泰顺,119.7,27.55,ojdNE
58747,福建,周宁,119.35,27.15,vSWUe
58748,福建,福安,119.65,27.1,JNJhg
58749,福建,柘荣,119.88333333333334,27.23333333333333,GSJpN
58750,浙江,文成,120.08333333333331,27.78333333333333,cGBmo
58751,浙江,平阳,120.56666666666668,27.666666666666664,mAnvB
58752,浙江,瑞安,120.65,27.78333333333333,IqWUf
58754,福建,福鼎,120.2,27.33333333333333,DmjbL
58804,江西,兴国,115.35,26.28333333333333,SNxjz
58806,江西,宁都,116.01666666666668,26.48333333333333,OXlgc
58813,江西,广昌,116.3,26.83333333333333,gTbyP
58814,江西,石城,116.35,26.35,AwiTJ
58818,福建,宁化,116.63333333333333,26.23333333333333,PJKtl
58819,福建,清流,116.81666666666666,26.183333333333334,AViZE
58820,福建,泰宁,117.16666666666666,26.9,AAJZf
58822,福建,建宁,116.85,26.83333333333333,bFxyH
58823,福建,顺昌,117.8,26.8,znMcP
58824,福建,明溪,117.15,26.4,WYpkx
58826,福建,沙县,117.8,26.4,FqHOP
58828,福建,三明,117.61666666666667,26.266666666666666,CZiRH
58836,福建,古田,118.73333333333332,26.583333333333336,nMfDD
58837,福建,尤溪,118.15,26.15,jPeuC
58839,福建,闽清,118.85,26.23333333333333,ohLcD
58843,福建,霞浦,120.01666666666668,26.883333333333336,ZQgRD
58844,福建,闽侯,119.15,26.15,mvsaF
58845,福建,罗源,119.55,26.5,JZMnV
58846,福建,宁德,119.51666666666668,26.666666666666664,uKfig
58847,福建,福州,119.28333333333332,26.083333333333336,djeOy
58848,福建,连江,119.55,26.200000000000003,aOgsa
58903,江西,瑞金,116.03333333333332,25.9,OPvLw
58905,江西,于都,115.41666666666669,25.966666666666665,yIXbd
58906,江西,会昌,115.8,25.6,FxLbx
58907,江西,安远,115.4,25.15,zQIQZ
58911,福建,长汀,116.36666666666666,25.85,VDGUO
58917,福建,武平,116.1,25.083333333333336,eimDh
58918,福建,上杭,116.41666666666669,25.05,mszvd
58923,福建,大田,117.83333333333331,25.700000000000003,vYGga
58926,福建,漳平,117.41666666666669,25.3,LayTz
58927,福建,龙岩,117.01666666666668,25.05,AVWuS
58928,福建,华安,117.53333333333332,25.01666666666667,OopEB
58929,福建,安溪,118.2,25.066666666666663,hREeH
58932,福建,永泰,118.93333333333334,25.866666666666667,zgkOw
58934,福建,永春,118.26666666666668,25.33333333333333,qBtpj
58935,福建,德化,118.23333333333332,25.516666666666666,MKbSW
58938,福建,秀屿,118.98333333333332,25.23333333333333,vNifC
58941,福建,长乐,119.5,25.966666666666665,dCAXE
58942,福建,福清,119.38333333333334,25.716666666666665,OJcaE
58944,福建,平潭,119.78333333333332,25.516666666666666,aZFOr
58946,福建,莆田,119.0,25.45,XbBQN
59001,广西,隆林,105.33333333333334,24.78333333333333,eIpEZ
59004,广西,西林,105.08333333333331,24.5,lrJzf
59007,云南,广南,105.06666666666668,24.066666666666663,WCNhd
59012,广西,乐业,106.55,24.78333333333333,fvIzP
59015,广西,凌云,106.56666666666668,24.35,QkgiV
59017,广西,田林,106.26666666666668,24.266666666666666,NoCNl
59021,广西,凤山,107.03333333333332,24.55,CfJOI
59023,广西,河池,108.03333333333332,24.700000000000003,GGGqW
59025,广西,东兰,107.38333333333334,24.53333333333333,ewvKI
59027,广西,巴马,107.25,24.13333333333333,lAMQO
59031,广西,环江,108.26666666666668,24.816666666666663,ojAnR
59034,广西,宜州,108.66666666666669,24.48333333333333,VxpiW
59037,广西,都安,108.1,23.93333333333333,fCFGo
59038,广西,忻城,108.65,24.066666666666663,Xnwwp
59041,广西,柳城,109.25,24.65,BRgad
59045,广西,鹿寨,109.75,24.48333333333333,waYqJ
59046,广西,柳州,109.4,24.35,hDSje
59047,广西,柳江,109.33333333333334,24.25,NdusB
59052,广西,恭城,110.81666666666666,24.83333333333333,erDXS
59053,广西,平乐,110.63333333333333,24.65,WwDuG
59055,广西,荔浦,110.4,24.5,RJsCy
59057,广西,金秀,110.18333333333334,24.13333333333333,XuZjF
59058,广西,蒙山,110.51666666666668,24.200000000000003,FDxZg
59059,广西,昭平,110.8,24.183333333333334,FCRtF
59063,湖南,江华,111.56666666666668,25.183333333333334,dCAYY
59065,广西,贺州,111.5,24.416666666666668,SdWDF
59071,广东,连南,112.28333333333332,24.73333333333333,KdUeP
59072,广东,连州,112.36666666666666,24.816666666666663,mvsdx
59074,广东,连山,112.06666666666668,24.566666666666663,auxCc
59075,广东,阳山,112.63333333333333,24.46666666666667,cUuBr
59081,广东,乳源,113.28333333333332,24.78333333333333,PDmCw
59082,广东,韶关,113.6,24.666666666666664,fXufo
59087,广东,佛冈,113.51666666666668,23.883333333333336,CPZny
59088,广东,英德,113.41666666666669,24.183333333333334,VOhrT
59090,广东,始兴,114.05,24.966666666666665,kiynZ
59091,江西,全南,114.51666666666668,24.75,eXkQd
59092,江西,龙南,114.8,24.866666666666667,RwBam
59093,江西,定南,115.03333333333332,24.78333333333333,VanHB
59094,广东,翁源,114.11666666666666,24.35,ZzoLx
59096,广东,连平,114.48333333333336,24.366666666666664,GawAp
59097,广东,新丰,114.2,24.05,smdvH
59099,广东,和平,114.93333333333334,24.45,kGvmw
59102,江西,寻乌,115.65,24.95,dwZOf
59106,广东,平远,115.86666666666666,24.566666666666663,KidvD
59107,广东,龙川,115.28333333333332,24.116666666666667,aalii
59109,广东,兴宁,115.71666666666668,24.166666666666668,tOWXk
59113,福建,永定,116.71666666666668,24.73333333333333,XmdVI
59114,广东,蕉岭,116.16666666666666,24.65,kbdZh
59116,广东,大埔,116.7,24.35,loBTC
59117,广东,梅县,116.06666666666668,24.28333333333333,dEibM
59122,福建,长泰,117.75,24.616666666666667,BILCs
59124,福建,南靖,117.38333333333334,24.516666666666666,JTMBG
59125,福建,平和,117.3,24.383333333333333,BFRzc
59127,福建,龙海,117.83333333333331,24.433333333333337,icAJc
59129,福建,漳浦,117.58333333333331,24.13333333333333,qVMDu
59130,福建,同安,118.15,24.73333333333333,lvXIl
59131,福建,南安,118.36666666666666,24.966666666666665,njGuO
59133,福建,崇武,118.91666666666666,24.9,qFozG
59134,福建,厦门,118.06666666666668,24.48333333333333,gDCDS
59205,云南,富宁,105.63333333333333,23.65,vLEOj
59209,广西,那坡,105.83333333333331,23.416666666666668,rDxZb
59211,广西,百色,106.6,23.9,Cejmy
59215,广西,德保,106.63333333333333,23.33333333333333,rBrTd
59218,广西,靖西,106.41666666666669,23.13333333333333,rDUve
59224,广西,田东,107.11666666666666,23.6,Rtnkn
59227,广西,天等,107.13333333333333,23.116666666666667,wOjTL
59228,广西,平果,107.56666666666668,23.28333333333333,EHHiy
59229,广西,隆安,107.7,23.166666666666668,GcmlG
59230,广西,马山,108.11666666666666,23.716666666666665,pfTel
59235,广西,上林,108.61666666666667,23.433333333333337,BAWNr
59237,广西,武鸣,108.3,23.183333333333334,MNLCT
59238,广西,宾阳,108.83333333333331,23.25,XUOdS
59241,广西,象州,109.68333333333332,23.966666666666665,SlPMS
59242,广西,来宾,109.15,23.76666666666667,qxttW
59246,广西,武宣,109.66666666666669,23.6,WUgNU
59255,广西,平南,110.38333333333334,23.55,TUzGz
59256,广西,藤县,110.9,23.366666666666664,cLDZq
59264,广东,封开,111.5,23.4,iZItu
59265,广西,梧州,111.3,23.48333333333333,EUqSO
59266,广西,龙圩,111.23333333333332,23.416666666666668,DuQqi
59268,广东,郁南,111.55,23.266666666666666,qUoQR
59269,广东,德庆,111.78333333333332,23.166666666666668,QZzJe
59270,广东,怀集,112.18333333333334,23.93333333333333,EhVeb
59271,广东,广宁,112.41666666666669,23.633333333333333,ELwZG
59276,广东,四会,112.65,23.35,cTLRb
59278,广东,高要,112.48333333333336,22.98333333333333,uPyfo
59279,广东,三水,112.88333333333334,23.200000000000003,Akgoq
59280,广东,清远,113.08333333333331,23.716666666666665,WYryQ
59284,广东,花都,113.23333333333332,23.416666666666668,DFILe
59285,广东,从化,113.61666666666667,23.566666666666663,JNLyH
59287,广东,广州,113.48333333333336,23.216666666666665,DwzZf
59288,广东,南海,113.01666666666668,23.15,MEcHR
59289,广东,东莞,113.73333333333332,22.966666666666665,cqsJg
59290,广东,龙门,114.26666666666668,23.78333333333333,fNjkZ
59293,广东,河源,114.73333333333332,23.8,Fkjlf
59294,广东,增城,113.83333333333331,23.33333333333333,Cydet
59297,广东,博罗,114.25,23.183333333333334,dThPV
59298,广东,惠阳,114.36666666666666,23.066666666666663,VixPE
59303,广东,五华,115.75,23.916666666666668,CSvzA
59304,广东,紫金,115.18333333333334,23.633333333333333,CMCDt
59306,广东,揭西,115.85,23.45,iBvsp
59310,广东,丰顺,116.16666666666666,23.76666666666667,aUKAF
59312,广东,潮州,116.7,23.666666666666664,CSTxF
59313,广东,饶平,116.98333333333332,23.683333333333334,sgVVw
59314,广东,普宁,116.13333333333333,23.3,XYKTR
59315,广东,揭阳,116.4,23.583333333333336,rUWdQ
59316,广东,汕头,116.68333333333332,23.383333333333333,KYhpn
59317,广东,惠来,116.3,22.98333333333333,oANdW
59318,广东,潮阳,116.58333333333331,23.25,aDjqK
59319,广东,澄海,116.83333333333331,23.433333333333337,zdeVk
59320,福建,诏安,117.13333333333333,23.75,EXzXq
59322,福建,云霄,117.36666666666666,23.98333333333333,CSeyS
59324,广东,南澳,117.03333333333332,23.433333333333337,rfGsM
59419,广西,凭祥,106.73333333333332,22.066666666666663,EzlaC
59421,广西,大新,107.16666666666666,22.866666666666667,rMrPm
59429,广西,上思,108.01666666666668,22.183333333333334,gfZFI
59431,广西,南宁,108.55,22.78333333333333,dvHfb
59435,广西,邕宁,108.48333333333336,22.76666666666667,vJqiP
59446,广西,灵山,109.3,22.416666666666668,PrSNs
59448,广西,浦北,109.55,22.266666666666666,GKglE
59449,广西,博白,109.98333333333332,22.3,Glxjb
59451,广西,北流,110.35,22.700000000000003,eDcTO
59452,广西,容县,110.53333333333332,22.83333333333333,dhbAc
59454,广西,岑溪,111.0,22.95,VnBvF
59456,广东,信宜,110.93333333333334,22.35,AtsFe
59457,广西,陆川,110.26666666666668,22.31666666666667,Ringx
59462,广东,罗定,111.6,22.716666666666665,oUjcx
59469,广东,阳春,111.78333333333332,22.166666666666668,bNaey
59470,广东,新兴,112.21666666666664,22.700000000000003,guUOJ
59471,广东,云浮,112.05,22.93333333333333,JMZwt
59473,广东,鹤山,112.98333333333332,22.73333333333333,TDgRC
59475,广东,开平,112.65,22.4,nLwRT
59476,广东,新会,113.03333333333332,22.53333333333333,fhvuE
59477,广东,恩平,112.23333333333332,22.266666666666666,WdPrA
59478,广东,台山,112.78333333333332,22.25,kRWvm
59480,广东,顺德,113.25,22.85,cgdeV
59481,广东,番禺,113.31666666666666,22.93333333333333,tQOjS
59485,广东,中山,113.4,22.516666666666666,YIWau
59487,广东,斗门,113.3,22.23333333333333,ckONx
59488,广东,珠海,113.56666666666668,22.28333333333333,sdnjf
59492,广东,惠东,114.66666666666669,23.03333333333333,YMcmt
59493,广东,深圳,114.0,22.53333333333333,AhpEU
59500,广东,海丰,115.31666666666666,23.01666666666667,cPbEV
59501,广东,汕尾,115.36666666666666,22.8,hlwPp
59502,广东,陆丰,115.65,22.966666666666665,BFDXU
59632,广西,钦州,108.6,21.98333333333333,jPyoz
59635,广西,防城港,108.35,21.616666666666667,kXkLV
59640,广西,合浦,109.18333333333334,21.666666666666664,hAysq
59644,广西,北海,109.13333333333333,21.45,lBdeM
59650,广东,遂溪,110.25,21.4,ZoOgZ
59653,广东,高州,110.83333333333331,21.916666666666668,tHDom
59654,广东,廉江,110.3,21.633333333333333,tCFax
59655,广东,化州,110.61666666666667,21.65,IFnQk
59656,广东,吴川,110.81666666666666,21.4,eQFwU
59658,广东,湛江,110.3,21.15,OKhmr
59659,广东,茂名,110.91666666666666,21.75,aELXI
59663,广东,阳江,111.98333333333332,21.85,dCezB
59664,广东,电白,110.98333333333332,21.55,XEsSv
59750,广东,雷州,110.06666666666668,20.966666666666665,pfvjr
59754,广东,徐闻,110.18333333333334,20.33333333333333,arOUO
59758,海南,海口,110.25,20.0,vmEKa
59838,海南,东方,108.61666666666667,19.1,wAOgT
59842,海南,临高,109.68333333333332,19.9,nqaYV
59843,海南,澄迈,110.0,19.73333333333333,tjGqH
59845,海南,儋州,109.58333333333331,19.516666666666666,pFFlS
59847,海南,昌江,109.05,19.266666666666666,vHJCh
59848,海南,白沙,109.43333333333334,19.23333333333333,AXpuY
59849,海南,琼中,109.83333333333331,19.03333333333333,HgARP
59851,海南,定安,110.33333333333334,19.666666666666664,yartD
59854,海南,屯昌,110.1,19.366666666666664,VXTVN
59855,海南,琼海,110.46666666666668,19.23333333333333,tOlIq
59856,海南,文昌,110.75,19.616666666666667,YdxTG
59941,海南,五指山,109.51666666666668,18.76666666666667,jtadI
59945,海南,保亭,109.7,18.65,YoUoQ
59951,海南,万宁,110.33333333333334,18.8,TtrxS
